area,mnemonics_x,mnemonics_y
Bournemouth,E06000028,
Poole,E06000029,
Aylesbury Vale,E07000004,
Chiltern,E07000005,
South Bucks,E07000006,
Wycombe,E07000007,
Allerdale,E07000026,
Barrow-in-Furness,E07000027,
Carlisle,E07000028,
Copeland,E07000029,
Eden,E07000030,
South Lakeland,E07000031,
Christchurch,E07000048,
East Dorset,E07000049,
North Dorset,E07000050,
Purbeck,E07000051,
West Dorset,E07000052,
Weymouth and Portland,E07000053,
Corby,E07000150,
Daventry,E07000151,
East Northamptonshire,E07000152,
Kettering,E07000153,
Northampton,E07000154,
South Northamptonshire,E07000155,
Wellingborough,E07000156,
Craven,E07000163,
Hambleton,E07000164,
Harrogate,E07000165,
Richmondshire,E07000166,
Ryedale,E07000167,
Scarborough,E07000168,
Selby,E07000169,
Mendip,E07000187,
Sedgemoor,E07000188,
South Somerset,E07000189,
Taunton Deane,E07000190,
West Somerset,E07000191,
Forest Heath,E07000201,
St Edmundsbury,E07000204,
Suffolk Coastal,E07000205,
Waveney,E07000206,
Rhondda Cynon Taff,W06000016,
