,PC1,PC2
eth_white_pct,-0.17349625914653152,0.4097431899083374
eth_asian_pct,0.12186013497203273,-0.3722726986984038
eth_black_pct,0.15804653948735287,-0.35661495325730824
eth_mixed_pct,0.23711220272405784,-0.30253360550360237
eth_other_pct,0.1971392068901069,-0.3237997576811653
health_very_good_pct,0.3053201319597885,0.033357038631842396
health_good_pct,-0.1453511136830496,0.10887361304019517
health_fair_pct,-0.3043276986347736,-0.019020585270395372
health_bad_pct,-0.25364640078250217,-0.17464383068582598
health_very_bad_pct,-0.21678740409667163,-0.22700569529950873
occ_managers_pct,0.22567766678156218,0.272757420636637
occ_professionals_pct,0.2914777205795333,0.009712894780471427
occ_associate_prof_pct,0.27771601225135506,0.07995289291699181
occ_admin_pct,-0.07064496162292672,0.056721386938791994
occ_skilled_trades_pct,-0.249602036781275,0.16536231120099928
occ_caring_pct,-0.26199963550403316,-0.06242457723098658
occ_sales_pct,-0.22998247578582762,-0.22902781329158453
occ_machine_ops_pct,-0.2565323427952627,-0.16179446002991701
occ_elementary_pct,-0.2214409582234478,-0.28397717175953746
