area,district_code,very_good_health,good_health,fair_health,bad_health,very_bad_health
Hartlepool,E06000001,39817,30749,14415,5625,1732
Middlesbrough,E06000002,67207,46382,19821,7969,2545
Redcar and Cleveland,E06000003,58085,46416,21633,7916,2481
Stockton-on-Tees,E06000004,91479,65521,27307,9392,2896
Darlington,E06000005,48749,37324,15383,5016,1328
County Durham,E06000047,224293,176980,81624,30167,9004
Northumberland,E06000057,140289,110887,49447,15644,4300
Newcastle upon Tyne,E08000021,145219,96614,39307,14525,4461
North Tyneside,E08000022,96170,69597,30204,10188,2806
South Tyneside,E08000023,64656,48869,22930,8709,2614
Sunderland,E08000024,118258,90486,43507,16834,5086
Gateshead,E08000037,85811,65777,30117,11120,3326
Halton,E06000006,59066,41455,18088,7491,2380
Warrington,E06000007,105613,69138,25599,8265,2359
Blackburn with Darwen,E06000008,73950,50010,20507,7826,2445
Blackpool,E06000009,56933,47255,23963,9777,3108
Cheshire East,E06000049,198755,132827,48431,14513,4243
Cheshire West and Chester,E06000050,174349,118810,45293,14499,4199
Cumberland,E06000063,123108,93169,40220,13041,3716
Westmorland and Furness,E06000064,104996,79034,30697,9330,2535
Burnley,E07000117,42648,31570,13808,5073,1546
Chorley,E07000118,57332,39109,15198,4735,1358
Fylde,E07000119,37427,27421,11815,3641,1070
Hyndburn,E07000120,36121,28210,12149,4387,1367
Lancaster,E07000121,66454,48857,19619,6214,1790
Pendle,E07000122,44752,32255,13182,4286,1285
Preston,E07000123,71585,48918,19091,6379,1862
Ribble Valley,E07000124,32360,19764,7117,1855,465
Rossendale,E07000125,33310,23556,9673,3430,904
South Ribble,E07000126,53172,37823,14535,4318,1187
West Lancashire,E07000127,56460,38918,15404,5114,1534
Wyre,E07000128,49623,37251,17326,5902,1844
Bolton,E08000001,142076,96785,38905,13968,4229
Bury,E08000002,93456,63919,25700,8416,2359
Manchester,E08000003,280547,173458,64955,24915,8063
Oldham,E08000004,113590,79548,33754,11724,3472
Rochdale,E08000005,104957,73713,30753,11214,3136
Salford,E08000006,134447,86140,33249,12406,3681
Stockport,E08000007,145602,96317,37255,12017,3582
Tameside,E08000008,104704,77895,33204,11821,3447
Trafford,E08000009,124806,72803,26515,8406,2522
Wigan,E08000010,152373,110193,46214,16085,4466
Knowsley,E08000011,73079,46569,21561,10037,3273
Liverpool,E08000012,231830,150332,65142,29077,9707
St. Helens,E08000013,82747,59974,26762,10591,3171
Sefton,E08000014,129449,90164,40057,14953,4610
Wirral,E08000015,148845,102703,45385,17840,5426
"Kingston upon Hull, City of",E06000010,115776,93150,39851,13999,4238
East Riding of Yorkshire,E06000011,153547,121117,49161,14088,4302
North East Lincolnshire,E06000012,67586,54939,24237,7911,2293
North Lincolnshire,E06000013,72786,60954,25702,8003,2235
York,E06000014,98610,71033,24604,6788,1786
North Yorkshire,E06000065,293072,213655,80093,22395,6276
Barnsley,E08000016,106010,82192,38001,14252,4117
Doncaster,E08000017,136540,105090,45337,16192,4945
Rotherham,E08000018,117359,90450,39277,14400,4321
Sheffield,E08000019,259654,187759,75541,25998,7570
Bradford,E08000032,252136,188664,73124,24904,7580
Calderdale,E08000033,96309,70657,27913,9057,2695
Kirklees,E08000034,201705,149441,58024,18669,5378
Leeds,E08000035,402056,270304,98856,31621,9116
Wakefield,E08000036,157984,121164,51084,17900,5238
Derby,E06000015,119809,90551,35857,11542,3605
Leicester,E06000016,179719,123425,46156,14749,4522
Rutland,E06000017,20666,14063,4869,1169,282
Nottingham,E06000018,153956,108292,41863,14787,4734
North Northamptonshire,E06000061,166047,128657,47271,13718,3831
West Northamptonshire,E06000062,209457,149226,49482,13891,3669
Amber Valley,E07000032,56072,44733,18298,5613,1492
Bolsover,E07000033,33546,27509,12940,4844,1434
Chesterfield,E07000034,42969,36035,17062,5874,1629
Derbyshire Dales,E07000035,34005,24678,9585,2534,738
Erewash,E07000036,50053,39919,16552,5020,1362
High Peak,E07000037,43301,31083,12007,3535,1007
North East Derbyshire,E07000038,44381,35060,15945,5166,1449
South Derbyshire,E07000039,51669,36956,13642,3853,1088
Blaby,E07000129,50473,35496,12636,3328,993
Charnwood,E07000130,90255,63617,22344,6051,1704
Harborough,E07000131,50282,32717,11016,2850,762
Hinckley and Bosworth,E07000132,52913,40394,14967,4164,1202
Melton,E07000133,24748,18186,6757,1622,439
North West Leicestershire,E07000134,49180,36846,13648,3916,1116
Oadby and Wigston,E07000135,26568,20744,7661,2170,604
Boston,E07000136,29747,26118,10548,3193,896
East Lindsey,E07000137,53934,50793,25949,8969,2651
Lincoln,E07000138,45492,38213,14444,4461,1203
North Kesteven,E07000139,54648,41825,15872,4509,1220
South Holland,E07000140,39386,35883,14451,4268,1134
South Kesteven,E07000141,65973,51176,19418,5456,1381
West Lindsey,E07000142,41693,34181,13948,4227,1104
Ashfield,E07000170,53556,43876,19912,6947,2009
Bassetlaw,E07000171,51679,40938,17862,5618,1707
Broxtowe,E07000172,51331,38407,15476,4462,1264
Gedling,E07000173,53976,40850,16183,4840,1414
Mansfield,E07000174,47123,38004,17302,6249,1804
Newark and Sherwood,E07000175,54954,43072,17806,5553,1571
Rushcliffe,E07000176,63235,38139,13096,3629,978
"Herefordshire, County of",E06000019,85521,65655,26040,7641,2177
Telford and Wrekin,E06000020,85273,63231,25683,8812,2542
Stoke-on-Trent,E06000021,110241,90840,38276,14546,4466
Shropshire,E06000051,150899,112330,43932,12796,3649
Cannock Chase,E07000192,43559,35779,14742,4955,1485
East Staffordshire,E07000193,57717,43989,16319,4637,1357
Lichfield,E07000194,50143,37056,13924,4162,1151
Newcastle-under-Lyme,E07000195,54189,43520,17878,5972,1741
South Staffordshire,E07000196,49718,39468,15421,4538,1327
Stafford,E07000197,64032,47929,18200,5203,1503
Staffordshire Moorlands,E07000198,42805,33976,13660,4144,1262
Tamworth,E07000199,35798,27433,10922,3434,1060
North Warwickshire,E07000218,29587,22596,9157,2864,830
Nuneaton and Bedworth,E07000219,59458,47478,19379,6075,1807
Rugby,E07000220,55844,39851,13777,3887,1004
Stratford-on-Avon,E07000221,66877,46177,16193,4275,1203
Warwick,E07000222,77332,49195,16306,4393,1227
Bromsgrove,E07000234,50253,32850,11705,3329,1046
Malvern Hills,E07000235,36926,27733,10843,3096,888
Redditch,E07000236,40480,30616,11431,3547,964
Worcester,E07000237,49220,36463,13209,3882,1098
Wychavon,E07000238,62836,46380,17163,4829,1284
Wyre Forest,E07000239,44004,36337,15024,4818,1424
Birmingham,E08000025,544500,380993,150801,51755,16870
Coventry,E08000026,167651,116149,43030,14126,4369
Dudley,E08000027,141846,114604,47402,15299,4337
Sandwell,E08000028,153337,116762,49048,17472,5214
Solihull,E08000029,106508,72191,26816,8293,2432
Walsall,E08000030,126170,97681,41567,14222,4484
Wolverhampton,E08000031,118244,90690,38056,12953,3784
Peterborough,E06000031,99550,77378,27730,8582,2433
Luton,E06000032,109654,77855,27073,8162,2517
Southend-on-Sea,E06000033,84380,62139,24096,7793,2278
Thurrock,E06000034,89350,58689,20323,5904,1735
Bedford,E06000055,90419,64772,21942,6357,1735
Central Bedfordshire,E06000056,148210,101486,33332,8817,2407
Cambridge,E07000008,80195,46807,13957,3715,1001
East Cambridgeshire,E07000009,42423,30830,10879,2859,771
Fenland,E07000010,41264,38407,16256,5064,1471
Huntingdonshire,E07000011,86577,64569,22026,6085,1576
South Cambridgeshire,E07000012,84637,54501,17419,4313,1246
Basildon,E07000066,90914,64185,23022,7229,2221
Braintree,E07000067,73375,55346,19655,5431,1461
Brentwood,E07000068,41588,24413,8141,2214,691
Castle Point,E07000069,40925,31438,12324,3807,1093
Chelmsford,E07000070,93611,61388,19993,5089,1442
Colchester,E07000071,94777,66963,22916,6281,1778
Epping Forest,E07000072,69924,44362,15163,4214,1317
Harlow,E07000073,44559,32106,11913,3659,1091
Maldon,E07000074,30903,23469,8677,2487,672
Rochford,E07000075,41866,29571,10588,2837,799
Tendring,E07000076,58492,52819,25460,8891,2630
Uttlesford,E07000077,49323,29898,9180,2301,639
Broxbourne,E07000095,49630,33422,11621,3354,980
Dacorum,E07000096,80604,51271,17171,4784,1251
Hertsmere,E07000098,57652,34388,11602,3205,981
North Hertfordshire,E07000099,67385,45317,15363,4089,1056
Three Rivers,E07000102,50330,30357,9788,2586,710
Watford,E07000103,53559,34277,10601,2955,854
Breckland,E07000143,60208,52416,21131,6109,1613
Broadland,E07000144,59373,47997,18304,4810,1237
Great Yarmouth,E07000145,40086,35834,16599,5610,1619
King's Lynn and West Norfolk,E07000146,64413,56961,23789,7106,2056
North Norfolk,E07000147,40520,38727,17522,4821,1391
Norwich,E07000148,63232,52223,20346,6382,1738
South Norfolk,E07000149,66743,50340,18701,4877,1287
Babergh,E07000200,42772,33135,12352,3225,854
Ipswich,E07000202,63728,49957,18905,5562,1490
Mid Suffolk,E07000203,48205,36960,13204,3454,876
St Albans,E07000240,85242,44893,13557,3520,955
Welwyn Hatfield,E07000241,61896,40200,13130,3664,946
East Hertfordshire,E07000242,81057,48853,15274,3916,1055
Stevenage,E07000243,42673,31339,11298,3298,887
East Suffolk,E07000244,106604,88502,36851,11148,2951
West Suffolk,E07000245,85843,63799,22468,6150,1688
City of London,E09000001,4937,2726,687,186,47
Barking and Dagenham,E09000002,111929,71978,24295,8169,2498
Barnet,E09000003,213576,120802,39317,11724,3925
Bexley,E09000004,125181,82371,28260,8128,2533
Brent,E09000005,176793,111300,36871,11158,3692
Bromley,E09000006,176211,106977,34265,9694,2844
Camden,E09000007,116692,61665,21109,8013,2657
Croydon,E09000008,200050,130711,43327,12733,3898
Ealing,E09000009,192559,120388,38868,11619,3681
Enfield,E09000010,167119,108918,37822,12150,3975
Greenwich,E09000011,152415,92418,30949,10134,3152
Hackney,E09000012,146836,73626,25710,9467,3507
Hammersmith and Fulham,E09000013,108069,51238,16301,5603,1946
Haringey,E09000014,140184,83809,27408,9562,3275
Harrow,E09000015,134553,88594,27907,7715,2434
Havering,E09000016,130764,89013,30642,8941,2692
Hillingdon,E09000017,156976,103725,33088,9244,2876
Hounslow,E09000018,149624,96314,30323,9017,2903
Islington,E09000019,118690,63421,22469,8901,3108
Kensington and Chelsea,E09000020,85462,38302,13191,4806,1614
Kingston upon Thames,E09000021,90958,54724,16710,4367,1304
Lambeth,E09000022,178535,96211,30240,9582,3086
Lewisham,E09000023,159645,96291,31609,9891,3114
Merton,E09000024,118140,68979,20760,5599,1704
Newham,E09000025,180480,116872,37801,11823,4060
Redbridge,E09000026,159202,105549,33011,9467,3029
Richmond upon Thames,E09000027,115959,57054,16331,4574,1360
Southwark,E09000028,171620,93329,30002,9552,3134
Sutton,E09000029,107792,71329,22304,6322,1892
Tower Hamlets,E09000030,164359,99697,31182,11172,3896
Waltham Forest,E09000031,143437,93169,29590,9277,2953
Wandsworth,E09000032,198576,91919,26746,7868,2397
Westminster,E09000033,115033,58977,19840,7404,2982
Medway,E06000035,132845,96739,35907,11171,3113
Bracknell Forest,E06000036,65829,42515,12273,3147,846
West Berkshire,E06000037,82413,55946,17685,4319,1086
Reading,E06000038,89196,60019,18627,5018,1364
Slough,E06000039,81941,53816,16804,4625,1314
Windsor and Maidenhead,E06000040,85594,48793,14471,3636,1002
Wokingham,E06000041,97553,58866,16372,3676,1033
Milton Keynes,E06000042,146636,96796,31721,9239,2668
Brighton and Hove,E06000043,139078,91878,32118,10757,3272
Portsmouth,E06000044,98505,72447,26740,8000,2311
Southampton,E06000045,118703,87353,30497,9536,2833
Isle of Wight,E06000046,56014,51903,23077,7386,2079
Buckinghamshire,E06000060,293915,183564,57178,14525,3897
Eastbourne,E07000061,43956,35844,15503,4946,1440
Hastings,E07000062,38395,31864,14122,5025,1588
Lewes,E07000063,45533,34732,14156,4297,1187
Rother,E07000064,39362,33607,14561,4365,1215
Wealden,E07000065,77218,55635,20209,5627,1461
Basingstoke and Deane,E07000084,92794,64764,20776,5419,1404
East Hampshire,E07000085,63828,43139,14273,3599,905
Eastleigh,E07000086,67981,47400,15896,4088,1078
Fareham,E07000087,55185,40519,14190,3698,921
Gosport,E07000088,35504,29829,12134,3587,898
Hart,E07000089,54555,32704,9344,2177,628
Havant,E07000090,55028,44185,18023,5437,1535
New Forest,E07000091,81075,62425,23866,6534,1885
Rushmoor,E07000092,49428,34814,11769,2965,780
Test Valley,E07000093,65696,44842,14925,3958,1071
Winchester,E07000094,67850,41989,13236,3466,902
Ashford,E07000105,64334,45779,16551,4748,1335
Canterbury,E07000106,74034,54597,20762,6224,1812
Dartford,E07000107,61128,38680,12556,3390,999
Dover,E07000108,51455,40711,17036,5611,1597
Gravesham,E07000109,52013,36416,13291,4088,1092
Maidstone,E07000110,87494,59781,21018,5832,1657
Sevenoaks,E07000111,63410,38931,13407,3660,1107
Folkestone and Hythe,E07000112,47404,38432,16801,5519,1603
Swale,E07000113,68967,52738,21338,6688,1947
Thanet,E07000114,59000,49262,22148,7823,2354
Tonbridge and Malling,E07000115,67896,44052,14959,4164,1130
Tunbridge Wells,E07000116,60833,37512,12586,3415,965
Cherwell,E07000177,81759,55298,17966,4699,1296
Oxford,E07000178,88767,52154,15703,4221,1194
South Oxfordshire,E07000179,79641,49194,15408,3831,1011
Vale of White Horse,E07000180,72726,46700,14989,3585,913
West Oxfordshire,E07000181,58560,38834,12766,3198,879
Elmbridge,E07000207,81741,40971,12067,3038,938
Epsom and Ewell,E07000208,43925,26427,8110,1940,536
Guildford,E07000209,78671,46690,13717,3531,1041
Mole Valley,E07000210,45952,28806,9411,2501,716
Reigate and Banstead,E07000211,81155,49031,15541,3979,1140
Runnymede,E07000212,46128,29446,9344,2487,674
Spelthorne,E07000213,51913,35432,11642,3072,897
Surrey Heath,E07000214,48670,29656,9208,2249,670
Tandridge,E07000215,45917,28955,9685,2570,750
Waverley,E07000216,70073,41167,12883,3236,870
Woking,E07000217,55399,34440,10559,2776,768
Adur,E07000223,29272,22573,9108,2800,791
Arun,E07000224,71215,60303,24419,7110,1842
Chichester,E07000225,60839,42522,15366,4178,1163
Crawley,E07000226,58152,41451,13754,3975,1161
Horsham,E07000227,75551,49827,16218,4067,1115
Mid Sussex,E07000228,80741,50460,16029,4180,1156
Worthing,E07000229,50406,39682,15418,4526,1308
Bath and North East Somerset,E06000022,100186,63514,21853,6121,1735
"Bristol, City of",E06000023,240060,154643,54311,18032,5419
North Somerset,E06000024,103098,73421,28789,8897,2522
South Gloucestershire,E06000025,144395,99207,34595,9529,2698
Plymouth,E06000026,121117,89371,37196,13109,3902
Torbay,E06000027,58842,47697,22578,7894,2313
Swindon,E06000030,112213,82155,28667,8185,2190
Cornwall,E06000052,260855,191185,82985,26972,8308
Isles of Scilly,E06000053,1054,677,240,66,17
Wiltshire,E06000054,252803,173908,62034,16995,4593
"Bournemouth, Christchurch and Poole",E06000058,190242,136523,52466,16230,4735
Dorset,E06000059,170366,135867,54010,15166,4170
East Devon,E07000040,69973,52881,20650,5798,1525
Exeter,E07000041,66498,43054,15152,4665,1340
Mid Devon,E07000042,39073,28866,10954,3085,874
North Devon,E07000043,46135,33154,13705,4352,1265
South Hams,E07000044,43499,29405,11292,3413,1018
Teignbridge,E07000045,61426,47053,19026,5739,1559
Torridge,E07000046,29852,23713,10453,3216,880
West Devon,E07000047,26007,19802,8236,2380,671
Cheltenham,E07000078,60237,39932,13876,3695,1097
Cotswold,E07000079,45781,31041,10559,2698,753
Forest of Dean,E07000080,38990,30908,12355,3662,1089
Gloucester,E07000081,61882,46736,17259,5172,1367
Stroud,E07000082,58893,42058,15125,4014,1012
Tewkesbury,E07000083,47236,32541,11385,2956,766
Somerset,E06000066,262885,200991,78445,22945,6282
Isle of Anglesey,W06000001,32788,21937,10216,3059,878
Gwynedd,W06000002,58620,37038,15668,4741,1324
Conwy,W06000003,51092,38345,17780,5819,1706
Denbighshire,W06000004,43115,31254,14621,5179,1648
Flintshire,W06000005,73431,51838,20920,6716,2057
Wrexham,W06000006,61404,45998,19316,6588,1811
Ceredigion,W06000008,32195,24054,10881,3328,1017
Pembrokeshire,W06000009,55187,41206,18605,6375,1987
Carmarthenshire,W06000010,84785,59550,29491,10554,3517
Swansea,W06000011,113823,73789,33363,13061,4454
Neath Port Talbot,W06000012,64583,43219,21961,9388,3138
Bridgend,W06000013,66751,46142,21589,8254,2752
Vale of Glamorgan,W06000014,63999,42548,17533,5906,1953
Cardiff,W06000015,181604,115195,44144,16193,5172
Rhondda Cynon Taf,W06000016,105823,75427,36863,14925,4613
Caerphilly,W06000018,76930,56471,27645,11275,3631
Blaenau Gwent,W06000019,27465,21865,11210,4785,1579
Torfaen,W06000020,39335,31301,14340,5584,1716
Monmouthshire,W06000021,43165,31887,12655,4060,1188
Newport,W06000022,74351,52689,21937,8159,2456
Powys,W06000023,59313,45946,20078,6040,1792
Merthyr Tydfil,W06000024,26718,17786,8837,4112,1386
