area,district_code,total_all_usual_residents_aged_16_years_and_over_in_employment_the_week_before_the_census,"1._managers,_directors_and_senior_officials",2._professional_occupations,3._associate_professional_and_technical_occupations,4._administrative_and_secretarial_occupations,5._skilled_trades_occupations,"6._caring,_leisure_and_other_service_occupations",7._sales_and_customer_service_occupations,"8._process,_plant_and_machine_operatives",9._elementary_occupations
Hartlepool,E06000001,37749,3348,5838,4497,3391,4736,4381,3613,3622,4323
Middlesbrough,E06000002,56434,4409,8996,6109,4856,5906,7578,5394,5577,7609
Redcar and Cleveland,E06000003,55623,4801,8411,6605,4983,6800,7430,4760,5345,6488
Stockton-on-Tees,E06000004,86442,8985,16671,10903,8413,8868,8858,7330,6993,9421
Darlington,E06000005,49296,5230,8463,5973,4961,5042,4895,4657,3847,6228
County Durham,E06000047,222215,22537,37179,26917,21178,26099,23112,19432,20568,25193
Northumberland,E06000057,140777,17405,24722,17034,13435,16928,15432,12010,9968,13843
Newcastle upon Tyne,E08000021,125078,11448,30729,15060,11029,10037,11694,12573,7906,14602
North Tyneside,E08000022,97266,9927,21780,13362,10743,8704,8832,9443,5848,8627
South Tyneside,E08000023,62510,5586,10192,7793,6794,7005,6809,6132,5662,6537
Sunderland,E08000024,117151,10421,17727,13207,12544,12235,12309,13422,11645,13641
Gateshead,E08000037,87518,8448,16612,11006,8949,8581,8793,8710,6950,9469
Halton,E06000006,58706,5870,8767,7260,5877,5667,5585,6143,5884,7653
Warrington,E06000007,103191,13604,20853,13972,10010,8742,8344,8503,7152,12011
Blackburn with Darwen,E06000008,63556,5966,10409,6781,6291,6744,7201,6277,6470,7417
Blackpool,E06000009,59362,6200,7502,6001,6631,6480,8632,5743,4715,7458
Cheshire East,E06000049,192488,31910,41211,26358,17063,17214,15574,13131,11778,18249
Cheshire West and Chester,E06000050,169088,23721,34739,22261,14966,15809,14821,13851,11667,17253
Cumberland,E06000063,127751,12997,20084,14187,10661,18250,12881,10008,13506,15177
Westmorland and Furness,E06000064,108653,13697,18551,11971,8401,17528,10485,8410,7397,12213
Burnley,E07000117,40038,3652,5577,4284,3490,4778,4775,3536,4088,5858
Chorley,E07000118,57244,8036,11870,7928,5443,5815,5299,3877,3793,5183
Fylde,E07000119,35712,5208,7685,4893,3623,3503,3423,2478,1953,2946
Hyndburn,E07000120,35627,3346,4984,3955,3297,4671,4414,3263,3847,3850
Lancaster,E07000121,62401,6581,12488,7430,4961,7340,7516,5024,4483,6578
Pendle,E07000122,39623,4070,5701,4083,3159,5373,4135,3673,4558,4871
Preston,E07000123,66634,6171,12745,7639,6669,6043,7165,6057,5574,8571
Ribble Valley,E07000124,30385,5125,6818,3989,2681,3772,2522,1645,1662,2171
Rossendale,E07000125,33116,4316,6256,4366,2762,3993,3508,2598,2448,2869
South Ribble,E07000126,54711,6556,10836,7565,6042,6115,5029,4207,3791,4570
West Lancashire,E07000127,53546,7088,9972,6289,4921,5499,5222,4121,4357,6077
Wyre,E07000128,47835,5996,8584,5679,5727,5959,5089,3469,3136,4196
Bolton,E08000001,125438,13286,21197,15019,12357,12663,12393,12227,11486,14810
Bury,E08000002,88485,11113,18354,12059,9075,8038,8482,7351,6042,7971
Manchester,E08000003,234283,20368,55875,31626,18837,15576,23595,21720,15035,31651
Oldham,E08000004,98207,9616,14988,11314,9555,11144,10613,8596,9362,13019
Rochdale,E08000005,94459,9745,15229,10969,9242,10016,10293,7893,8665,12407
Salford,E08000006,127607,13594,26141,18314,13174,10448,11882,11281,7786,14987
Stockport,E08000007,139806,19060,34321,20204,14126,11754,12151,11083,6958,10149
Tameside,E08000008,105654,10510,15922,13385,11631,12334,10883,10159,9628,11202
Trafford,E08000009,111558,16656,32126,16379,10964,7641,7792,7937,4475,7588
Wigan,E08000010,154614,16153,25062,19252,15038,18014,16478,12747,14327,17543
Knowsley,E08000011,69491,6008,10581,7912,7654,7330,8359,6612,6685,8350
Liverpool,E08000012,205750,17700,42403,24736,21341,16279,21874,19228,15241,26948
St. Helens,E08000013,82623,8359,14070,10274,8026,8658,9171,6827,7319,9919
Sefton,E08000014,124597,14013,23148,15549,14788,12126,13734,10716,8653,11870
Wirral,E08000015,139502,15549,27893,18147,14561,13501,15613,11599,9649,12990
"Kingston upon Hull, City of",E06000010,117789,8253,14557,11961,9378,15820,13117,11993,14573,18137
East Riding of Yorkshire,E06000011,156119,21363,28215,19406,14215,19462,14891,11084,11365,16118
North East Lincolnshire,E06000012,68851,6058,8490,7328,5865,8108,7344,5685,10396,9577
North Lincolnshire,E06000013,76223,8279,10321,8278,6393,9215,7323,6003,10070,10341
York,E06000014,96198,11603,23463,12626,8190,8627,8466,8205,4966,10052
North Yorkshire,E06000065,293535,44679,52153,38519,25165,38526,26639,20742,18230,28882
Barnsley,E08000016,111680,11251,15595,12169,9891,14042,11382,10172,11579,15599
Doncaster,E08000017,137856,14029,17657,14672,12123,16094,14191,12211,14155,22724
Rotherham,E08000018,117801,11944,17917,13092,11147,14872,12344,11216,11374,13895
Sheffield,E08000019,242010,22723,56141,29427,21533,23579,23309,21710,16095,27493
Bradford,E08000032,221137,22188,37854,25366,21385,23080,23590,20131,20912,26631
Calderdale,E08000033,93381,11521,18183,12703,9120,10426,8829,6895,7165,8539
Kirklees,E08000034,190087,22814,34891,24630,17154,20975,17830,15809,16929,19055
Leeds,E08000035,374064,41589,85081,52009,35774,32376,34684,29948,22576,40027
Wakefield,E08000036,164641,17223,24634,20031,15270,17587,15735,13016,16680,24465
Derby,E06000015,116200,10517,21692,13293,9880,10981,11704,9862,11558,16713
Leicester,E06000016,154936,11006,24074,13678,12354,12069,15552,14761,22261,29181
Rutland,E06000017,18783,3426,3567,3063,1583,1897,1577,1051,1021,1598
Nottingham,E06000018,128866,10297,24432,14343,10112,10634,14291,12113,11229,21415
North Northamptonshire,E06000061,178855,21751,26861,20376,16768,19477,15814,13354,17639,26815
West Northamptonshire,E06000062,215995,28471,37897,27068,20833,21932,18001,14527,16341,30925
Amber Valley,E07000032,60171,7635,10404,7440,5461,7697,5428,4428,5454,6224
Bolsover,E07000033,38103,3841,5001,3924,3409,4661,4388,3206,3863,5810
Chesterfield,E07000034,47532,4995,7994,5317,4528,5337,5679,4290,3865,5527
Derbyshire Dales,E07000035,33230,5537,6783,3701,2802,4545,2650,1875,2275,3062
Erewash,E07000036,54967,6133,9102,6609,5418,6881,5028,4547,4747,6502
High Peak,E07000037,44614,5873,8839,5598,3694,5209,4453,3120,3593,4235
North East Derbyshire,E07000038,46563,6028,8011,5492,4610,5813,4639,3731,3527,4712
South Derbyshire,E07000039,53905,7651,10303,6889,5007,5736,4688,3607,4674,5350
Blaby,E07000129,51446,6656,9936,7193,5417,6194,4448,3623,3398,4581
Charnwood,E07000130,84800,11078,17495,11622,7932,9048,7449,6172,5826,8178
Harborough,E07000131,48772,8799,10831,6993,4486,5046,3500,2903,2358,3856
Hinckley and Bosworth,E07000132,55889,7756,10160,7534,5742,6364,4821,3701,4050,5761
Melton,E07000133,25466,3880,4183,3095,2303,3236,2370,1653,2156,2590
North West Leicestershire,E07000134,51961,7305,8940,6845,4828,5962,4407,3642,4481,5551
Oadby and Wigston,E07000135,25989,2997,5815,3255,2784,2437,2439,2093,1793,2376
Boston,E07000136,33631,2843,3598,2475,2550,3702,3403,2631,6272,6157
East Lindsey,E07000137,55579,7297,6788,5789,4710,8050,6604,4795,4720,6826
Lincoln,E07000138,46718,3745,7225,5172,3728,4649,5323,4922,4893,7061
North Kesteven,E07000139,56892,7665,9946,8580,6036,6556,5561,3753,3915,4880
South Holland,E07000140,45236,5190,4964,4162,4082,5993,4130,3254,6976,6485
South Kesteven,E07000141,68194,9865,11819,8785,6339,7790,6337,4913,5193,7153
West Lindsey,E07000142,42137,5742,7453,5085,3877,5323,4337,3073,3324,3923
Ashfield,E07000170,58430,5645,8128,6422,5599,7766,6339,5161,5640,7730
Bassetlaw,E07000171,54919,6836,7967,5934,4581,6525,5745,4164,6039,7128
Broxtowe,E07000172,51916,5830,12754,6868,4992,5181,3961,3873,3320,5137
Gedling,E07000173,56187,7026,11693,7670,5625,6236,5203,4385,3360,4989
Mansfield,E07000174,51367,4976,6575,5462,4363,6299,5826,4337,5093,8436
Newark and Sherwood,E07000175,57117,7801,9033,7048,4909,6617,5750,4283,4817,6859
Rushcliffe,E07000176,56978,9946,17011,8403,4947,4264,3644,3103,1975,3685
"Herefordshire, County of",E06000019,88507,11979,14131,9965,7964,12927,8686,6212,6943,9700
Telford and Wrekin,E06000020,85498,9152,14031,10426,7686,8883,8386,6757,9432,10745
Stoke-on-Trent,E06000021,112579,8808,14100,10978,9334,13468,13618,11057,12577,18639
Shropshire,E06000051,152424,21180,26819,18664,13271,21109,15219,10852,10178,15132
Cannock Chase,E07000192,48876,5429,6719,5789,4675,6953,4814,4112,4597,5788
East Staffordshire,E07000193,59320,7247,9179,6301,5218,6264,4862,4302,6532,9415
Lichfield,E07000194,50472,8452,10500,6694,4780,5392,3775,3261,2983,4635
Newcastle-under-Lyme,E07000195,56682,6024,10116,6659,5220,6606,5791,4861,4433,6972
South Staffordshire,E07000196,50699,7795,9821,6626,5573,6343,4038,3345,3039,4119
Stafford,E07000197,65768,9092,13873,9161,6026,6473,5498,4732,3950,6963
Staffordshire Moorlands,E07000198,45035,5913,7590,5325,3938,6543,4484,3139,3743,4360
Tamworth,E07000199,38155,4191,4971,4398,3973,4125,3320,3502,3982,5693
North Warwickshire,E07000218,31754,4243,4816,3928,3331,3752,2721,2218,2814,3931
Nuneaton and Bedworth,E07000219,63114,6264,9985,7477,6311,6608,6224,4976,6108,9161
Rugby,E07000220,58106,7546,11798,7302,5262,4954,4137,3762,4483,8862
Stratford-on-Avon,E07000221,66236,12363,14213,9233,5890,7299,4777,4247,2897,5317
Warwick,E07000222,72748,11452,21877,10382,5851,5590,4920,4299,3013,5364
Bromsgrove,E07000234,47287,8088,11774,6463,4697,4735,3672,2569,2120,3169
Malvern Hills,E07000235,35800,5950,7718,4400,3280,4441,3133,2248,1849,2781
Redditch,E07000236,42692,4719,6675,5027,4125,5060,3832,3569,4678,5007
Worcester,E07000237,51629,5584,10280,6689,4794,4867,5125,4140,4106,6044
Wychavon,E07000238,63660,10301,11442,7893,5973,7366,5448,4537,4709,5991
Wyre Forest,E07000239,45786,5831,7070,5264,4333,6005,4925,3770,3760,4828
Birmingham,E08000025,442417,40972,93314,50205,41168,36872,45362,36475,38618,59431
Coventry,E08000026,150145,12956,28834,17300,13652,13277,14380,12570,13271,23905
Dudley,E08000027,144641,15322,24346,17362,15388,17996,14043,12177,12838,15169
Sandwell,E08000028,141072,11162,19323,14486,13569,15431,14996,12778,17351,21976
Solihull,E08000029,97939,14975,23824,12966,10523,8318,7498,6395,5550,7890
Walsall,E08000030,118536,11430,17660,12590,11247,14409,12276,10354,12558,16012
Wolverhampton,E08000031,111309,9649,17783,11566,10249,11420,12262,9025,12623,16732
Peterborough,E06000031,100968,9979,15830,11291,9118,8947,9135,8723,11152,16793
Luton,E06000032,98721,8547,15550,9938,8433,9659,10526,7854,11485,16729
Southend-on-Sea,E06000033,83260,10787,15911,11769,9250,8227,8171,6369,5062,7714
Thurrock,E06000034,85948,9480,12527,9673,10207,9661,7211,7076,8615,11498
Bedford,E06000055,90865,11797,18284,12254,8152,8798,8128,6498,6134,10820
Central Bedfordshire,E06000056,151077,22832,29383,22805,15297,16739,12379,9605,9246,12791
Cambridge,E07000008,70598,7446,29962,8532,4096,3577,4824,3444,2374,6343
East Cambridgeshire,E07000009,44695,6481,9649,6118,4221,5026,4144,2585,2804,3667
Fenland,E07000010,47108,5028,5248,5157,4115,6175,4963,3505,6615,6302
Huntingdonshire,E07000011,91391,13200,18416,13493,9425,9129,7496,6112,6414,7706
South Cambridgeshire,E07000012,82267,12816,26002,11201,6957,7037,5938,3902,3129,5285
Basildon,E07000066,89011,10880,15369,11530,10680,9967,7924,6581,6499,9581
Braintree,E07000067,76282,10693,12192,10303,7892,9669,7290,5565,5335,7343
Brentwood,E07000068,37901,7010,8922,6046,4613,3263,2536,1878,1496,2137
Castle Point,E07000069,41006,5373,5837,5381,5352,5501,3806,3106,3152,3498
Chelmsford,E07000070,89862,13598,20713,13126,9815,8348,6873,5736,4399,7254
Colchester,E07000071,92015,11921,18906,13059,8486,9315,9682,6866,5425,8355
Epping Forest,E07000072,65796,12368,13155,9395,7991,6959,4587,3561,3371,4409
Harlow,E07000073,45981,4808,6889,5202,4968,5411,4800,3669,4302,5932
Maldon,E07000074,31255,5186,4980,4132,3538,4224,2414,2192,1974,2615
Rochford,E07000075,40658,5903,7360,6021,5392,4730,3317,2677,2329,2929
Tendring,E07000076,58280,7191,7457,6596,5591,8071,7829,5007,4518,6020
Uttlesford,E07000077,45743,8868,9467,7026,4584,4670,3478,2525,2101,3024
Broxbourne,E07000095,48306,6696,7767,6405,5835,5806,4033,3455,3637,4672
Dacorum,E07000096,77199,12798,16172,11749,7353,7396,6181,4949,3979,6622
Hertsmere,E07000098,52766,9198,12243,7478,5665,4607,4296,2997,2583,3699
North Hertfordshire,E07000099,67161,10803,17135,10326,5895,5838,4991,4105,3290,4778
Three Rivers,E07000102,46948,8784,11673,6916,4805,4157,3421,2369,1887,2936
Watford,E07000103,52859,6703,12278,7136,4928,4916,4570,3774,3224,5330
Breckland,E07000143,65638,8022,8545,7596,5767,8759,7031,4997,6821,8100
Broadland,E07000144,62589,8232,11298,8134,6743,8066,6117,5035,3832,5132
Great Yarmouth,E07000145,41136,4037,4911,4127,3743,5220,5347,3722,4277,5752
King's Lynn and West Norfolk,E07000146,69223,8301,9525,7527,6143,9702,7568,5225,6888,8344
North Norfolk,E07000147,41659,5718,5304,4227,3403,6875,4957,3607,2753,4815
Norwich,E07000148,65720,5633,14691,8202,5095,5904,6762,6275,4545,8613
South Norfolk,E07000149,67749,9422,14379,8817,6436,8206,6212,4541,4116,5620
Babergh,E07000200,42957,6371,7361,5784,4144,5688,3946,3085,2671,3907
Ipswich,E07000202,67026,6066,11334,7906,6253,6834,7133,6370,6347,8783
Mid Suffolk,E07000203,50024,7402,8948,6776,4940,6553,4341,3235,3403,4426
St Albans,E07000240,72871,15131,22216,11484,5914,4350,4420,3434,2118,3804
Welwyn Hatfield,E07000241,58149,8411,12148,7923,5630,5136,4982,4603,3191,6125
East Hertfordshire,E07000242,76524,13957,17041,12088,7727,7108,5869,4148,3418,5168
Stevenage,E07000243,45460,4848,8727,6034,4467,5145,4603,3636,3369,4631
East Suffolk,E07000244,106366,13786,16909,13244,10157,13291,11322,8480,8182,10995
West Suffolk,E07000245,89619,11402,14748,13094,8094,10962,9252,5825,6778,9464
City of London,E09000001,5346,1104,2349,1027,267,97,152,122,50,178
Barking and Dagenham,E09000002,94589,7786,15185,9279,8798,10957,10934,7686,8964,15000
Barnet,E09000003,186175,31481,50534,25626,16520,14478,14342,10663,8394,14137
Bexley,E09000004,117983,14498,23417,16138,15535,12291,10333,8186,7430,10155
Brent,E09000005,160997,18700,31402,19463,13311,15838,13901,13423,12932,22027
Bromley,E09000006,162122,27845,43321,25707,17733,12787,11212,8498,5867,9152
Camden,E09000007,102513,18247,35269,19193,6330,3781,6279,5152,2963,5299
Croydon,E09000008,189407,24114,43348,26739,19333,15968,18250,13735,10765,17155
Ealing,E09000009,175025,24147,39697,23951,14223,15555,12912,12773,11767,20000
Enfield,E09000010,143864,18297,29475,17729,13804,14397,13986,10695,9440,16041
Greenwich,E09000011,142934,18826,35907,21127,11610,10735,13290,9173,7183,15083
Hackney,E09000012,134312,18646,40040,27603,9468,6468,9742,7191,4530,10624
Hammersmith and Fulham,E09000013,98096,18326,29279,18574,6900,4493,6803,5004,2711,6006
Haringey,E09000014,134383,17168,33738,21842,9189,11265,10419,8084,6027,16651
Harrow,E09000015,125040,17524,31409,14526,12204,12184,8624,9061,7806,11702
Havering,E09000016,124781,15438,24339,16717,16701,14375,10294,8162,8058,10697
Hillingdon,E09000017,142803,18524,30087,18036,14401,13152,12044,10772,10752,15035
Hounslow,E09000018,138800,17914,27755,17668,12160,12138,11345,11117,10067,18636
Islington,E09000019,114972,17439,39312,22879,7333,4945,6756,5601,3496,7211
Kensington and Chelsea,E09000020,69441,18485,19186,12294,4117,2221,5064,3182,1678,3214
Kingston upon Thames,E09000021,84148,14674,23933,13140,7171,5769,5947,5296,2854,5364
Lambeth,E09000022,182819,25695,55140,34580,12564,9463,13130,8956,6187,17104
Lewisham,E09000023,155713,20155,41888,27269,11892,10473,13363,9774,6369,14530
Merton,E09000024,112065,17692,29411,16337,9159,9115,8623,7030,5202,9496
Newham,E09000025,163445,15522,32704,19608,12621,16496,14189,14529,11822,25954
Redbridge,E09000026,141627,18627,34456,17250,14551,12846,9843,10747,9229,14078
Richmond upon Thames,E09000027,97566,23031,30417,17549,6935,4478,5468,3749,2187,3752
Southwark,E09000028,166947,23109,51143,28878,11443,8030,12816,8705,5990,16833
Sutton,E09000029,104222,14604,25047,14218,11239,10383,9022,6802,5380,7527
Tower Hamlets,E09000030,155392,20628,49021,27819,11184,7508,9276,10470,6949,12537
Waltham Forest,E09000031,140372,17473,32185,21194,11608,14037,10474,9284,8341,15776
Wandsworth,E09000032,190442,35827,61870,37329,13285,7838,11073,8031,5178,10011
Westminster,E09000033,101742,22858,31136,17588,6750,3481,6187,5211,2781,5750
Medway,E06000035,132610,14826,21929,17307,13910,15896,12828,10137,11111,14666
Bracknell Forest,E06000036,66398,10132,13742,10767,6650,6604,5981,4304,2967,5251
West Berkshire,E06000037,82307,13269,18327,12023,7806,8216,7031,5211,4027,6397
Reading,E06000038,88868,9390,22757,11993,7062,6953,8079,6736,5095,10803
Slough,E06000039,73701,7303,13888,8098,6736,6230,6884,6122,7650,10790
Windsor and Maidenhead,E06000040,76302,15930,18678,12666,6582,5784,5427,3770,2848,4617
Wokingham,E06000041,89467,15849,25529,14751,8325,6594,5939,4739,3103,4638
Milton Keynes,E06000042,143378,18299,30540,19938,13825,11004,11017,11353,9345,18057
Brighton and Hove,E06000043,139292,19701,36478,23620,10344,10753,12075,10144,5135,11042
Portsmouth,E06000044,97787,9806,18084,12207,8982,10663,10674,8481,7288,11602
Southampton,E06000045,118228,10223,23404,14011,9892,12153,12651,9903,10307,15684
Isle of Wight,E06000046,57913,7243,8981,6602,4850,8084,7591,5104,3588,5870
Buckinghamshire,E06000060,273236,50441,61466,40954,25760,25403,21485,16538,12757,18432
Eastbourne,E07000061,43832,4928,7784,5138,3906,4792,6068,3769,2554,4893
Hastings,E07000062,40899,4437,6752,5489,3816,5063,5531,3410,2558,3843
Lewes,E07000063,44507,6557,8783,6518,3919,5301,4522,2991,2322,3594
Rother,E07000064,37934,5866,6478,4725,3745,5289,4322,2671,1827,3011
Wealden,E07000065,74545,12879,13625,10220,7390,9736,7230,4892,3119,5454
Basingstoke and Deane,E07000084,96973,13857,21125,14431,9512,9272,8282,6553,5349,8592
East Hampshire,E07000085,61732,10897,13136,8701,5745,6989,5778,3536,2617,4333
Eastleigh,E07000086,69515,9404,14903,9932,7344,7603,6187,5050,3863,5229
Fareham,E07000087,55631,7953,11632,9159,6154,5586,4593,3940,2611,4003
Gosport,E07000088,38484,4077,5272,5804,4031,4766,4610,3170,2593,4161
Hart,E07000089,50445,9507,11749,8737,4762,4544,3698,2774,1769,2905
Havant,E07000090,56368,6844,9199,6950,5286,7625,6126,4696,4018,5624
New Forest,E07000091,78702,11997,13956,9927,7715,9971,8252,5386,4498,7000
Rushmoor,E07000092,53014,6008,9262,8137,5072,5452,5980,4017,3118,5968
Test Valley,E07000093,65861,10383,13522,9305,7023,6516,5275,4160,3896,5781
Winchester,E07000094,60574,11084,16313,8850,5069,5066,4368,3320,2038,4466
Ashford,E07000105,63616,9171,11751,8251,5811,7322,5812,4895,4350,6253
Canterbury,E07000106,66164,8502,14588,8689,5530,6890,6524,5248,3466,6727
Dartford,E07000107,58824,7555,12101,7748,6827,6203,4860,4068,4062,5400
Dover,E07000108,50926,5998,7795,7505,4774,5860,6303,3913,3737,5041
Gravesham,E07000109,49761,6005,7846,6125,5188,5590,4639,3797,4387,6184
Maidstone,E07000110,86407,12732,15817,12106,8635,9423,7124,5894,5939,8737
Sevenoaks,E07000111,56382,10668,12361,8215,5812,5892,4078,3208,2463,3685
Folkestone and Hythe,E07000112,47817,6167,7610,6934,4324,5592,5681,3962,3132,4415
Swale,E07000113,69203,8539,10281,9022,6850,8591,6482,4882,6269,8287
Thanet,E07000114,59190,7096,9544,7433,5135,6913,7762,4916,4083,6308
Tonbridge and Malling,E07000115,64424,10664,13058,9610,6728,6666,5106,4187,3346,5059
Tunbridge Wells,E07000116,55895,10209,13095,8175,4905,5128,4438,3608,2098,4239
Cherwell,E07000177,84972,11634,16522,11364,7778,8701,6661,6674,6628,9010
Oxford,E07000178,73329,6732,26873,8620,4723,4607,5985,4221,3724,7844
South Oxfordshire,E07000179,76476,13483,18786,11387,6773,7522,5575,4061,3325,5564
Vale of White Horse,E07000180,70864,10709,19019,10630,6325,6780,5179,3833,3345,5044
West Oxfordshire,E07000181,58923,9428,12007,8946,5521,6745,5105,3476,3170,4525
Elmbridge,E07000207,66980,16432,17652,10820,5545,4189,4495,3001,1828,3018
Epsom and Ewell,E07000208,39909,7020,10663,5958,4095,3242,3304,2031,1404,2192
Guildford,E07000209,69774,12141,18410,11207,5849,5682,5465,4077,2338,4605
Mole Valley,E07000210,42341,8321,10140,6392,4063,4156,3429,2168,1285,2387
Reigate and Banstead,E07000211,75125,13005,18485,11393,7387,6461,6726,4104,2957,4607
Runnymede,E07000212,42457,7078,9235,6344,4175,4010,3716,2756,1872,3271
Spelthorne,E07000213,51539,7477,10061,7719,6055,5064,4417,3397,3250,4099
Surrey Heath,E07000214,45363,8378,10390,7054,4490,3889,3743,2736,1824,2859
Tandridge,E07000215,42576,8361,9177,6669,4498,4144,3565,2157,1679,2326
Waverley,E07000216,60722,12671,15528,9256,4951,5301,4737,3027,1710,3541
Woking,E07000217,52741,8666,13423,7777,4879,4298,4299,3190,2500,3709
Adur,E07000223,29825,3733,5345,4216,2823,3820,3115,2411,1807,2555
Arun,E07000224,73191,9715,10532,8549,6840,9244,8594,5833,5525,8359
Chichester,E07000225,56366,9565,11241,8152,4530,6561,5243,3640,2478,4956
Crawley,E07000226,58903,5955,8798,7254,5770,5330,6828,5601,5531,7836
Horsham,E07000227,72167,12689,15238,11458,6842,7090,6338,4557,2994,4961
Mid Sussex,E07000228,76572,13156,17539,11989,7231,6878,6923,4567,3009,5280
Worthing,E07000229,53557,6680,10711,7625,5279,5627,6159,4024,2875,4577
Bath and North East Somerset,E06000022,89812,13076,22044,12201,7921,8841,7631,5875,4102,8121
"Bristol, City of",E06000023,238513,24219,64929,35165,20448,19912,19568,16410,13017,24845
North Somerset,E06000024,102702,14625,20359,13585,10134,10436,10139,7377,6711,9336
South Gloucestershire,E06000025,147612,17918,31300,19437,17372,16114,12405,10669,8855,13542
Plymouth,E06000026,121018,10874,20138,15675,11406,15496,13823,11112,9029,13465
Torbay,E06000027,58933,7199,8239,6364,4952,7759,8347,5143,4109,6821
Swindon,E06000030,117865,12567,21222,14798,11300,11519,10317,9729,10909,15504
Cornwall,E06000052,254248,32386,39181,28474,20774,39684,28356,20800,17293,27300
Isles of Scilly,E06000053,1113,191,139,124,75,191,150,84,65,94
Wiltshire,E06000054,252345,36607,46920,37260,25833,28608,22686,16548,15405,22478
"Bournemouth, Christchurch and Poole",E06000058,186030,24266,36384,24034,16486,20154,19901,16046,11031,17728
Dorset,E06000059,167777,24133,29063,21194,15632,23230,17212,11930,9525,15858
East Devon,E07000040,66727,9434,11683,8240,5925,9147,7043,5259,3597,6399
Exeter,E07000041,59699,5846,14748,7326,5305,5353,5803,5109,3654,6555
Mid Devon,E07000042,40283,5312,6482,4430,3586,6041,3907,3127,3277,4121
North Devon,E07000043,45163,5749,6898,5067,3618,7162,4874,3406,3237,5152
South Hams,E07000044,40582,6738,8286,5137,3261,6131,3274,2680,1729,3346
Teignbridge,E07000045,62138,8403,11561,7544,5507,8125,6677,4663,3910,5748
Torridge,E07000046,30053,3595,3801,2900,2524,5648,3723,2332,2211,3319
West Devon,E07000047,25384,3458,4444,2889,2122,4264,2456,1751,1529,2471
Cheltenham,E07000078,59158,7892,14593,7823,6836,4921,4702,4264,2805,5322
Cotswold,E07000079,44079,8540,8375,5834,3804,5403,3585,2872,1972,3694
Forest of Dean,E07000080,39992,5126,6221,4875,3797,5815,4347,2677,3192,3942
Gloucester,E07000081,65621,6245,10844,8019,7174,7208,7580,5648,5576,7327
Stroud,E07000082,59918,8984,12574,8210,5380,7354,5190,3714,3617,4895
Tewkesbury,E07000083,46524,6696,9517,6392,5693,4804,3883,3168,2790,3581
Somerset,E06000066,269043,34087,43760,31903,23393,36698,29345,19960,20617,29280
Isle of Anglesey,W06000001,29202,3167,4716,3179,2482,4547,3638,2522,2065,2886
Gwynedd,W06000002,51818,5360,9055,5266,3864,8277,6652,4118,3562,5664
Conwy,W06000003,48722,5936,8308,5596,4093,6521,6327,4194,2984,4763
Denbighshire,W06000004,40846,4563,7009,4490,3448,5368,5307,3310,3272,4079
Flintshire,W06000005,73819,8077,12180,8660,6918,9009,7338,5853,7719,8065
Wrexham,W06000006,61805,5980,9723,6627,5770,7534,7044,4694,7140,7293
Ceredigion,W06000008,30119,3363,5368,3108,2452,5437,3147,2408,1712,3124
Pembrokeshire,W06000009,52768,6112,7598,5388,4142,9059,6845,4140,3831,5653
Carmarthenshire,W06000010,81953,8341,13868,8829,7241,12162,10086,6822,6435,8169
Swansea,W06000011,100613,9888,20070,11489,11025,10407,10956,9527,6350,10901
Neath Port Talbot,W06000012,59189,5200,9256,6815,6706,7075,7272,5112,5355,6398
Bridgend,W06000013,63984,6715,11567,7955,5803,7264,7322,5449,5182,6727
Vale of Glamorgan,W06000014,59915,8171,13209,8717,5979,5518,6189,4672,3013,4447
Cardiff,W06000015,160439,16879,43189,22367,15235,11633,14315,14181,7965,14675
Rhondda Cynon Taf,W06000016,103389,9238,16862,11948,9827,13018,12900,8980,9330,11286
Caerphilly,W06000018,77439,7248,11986,9388,7980,9026,8644,6628,7859,8680
Blaenau Gwent,W06000019,28800,2217,3483,2803,2295,3390,4324,2437,3952,3899
Torfaen,W06000020,40657,3949,6130,4982,4181,4788,4691,3462,3916,4558
Monmouthshire,W06000021,42830,6573,9315,5427,3794,4895,3538,2824,2485,3979
Newport,W06000022,72786,7420,13767,9109,7623,6347,6761,6534,6140,9085
Powys,W06000023,61726,7396,9056,6334,5038,12196,6553,4217,4610,6326
Merthyr Tydfil,W06000024,25633,2144,3751,2799,2220,3140,3183,2475,2597,3324
