area,mnemonics,all_categories_occupation,"1._managers,_directors_and_senior_officials",2._professional_occupations,3._associate_professional_and_technical_occupations,4._administrative_and_secretarial_occupations,5._skilled_trades_occupations,"6._caring,_leisure_and_other_service_occupations",7._sales_and_customer_service_occupations,8._process_plant_and_machine_operatives,9._elementary_occupations
Darlington,E06000005,49014,4639,7447,5741,5886,5808,4832,5461,3562,5638
County Durham,E06000047,227894,20169,33042,24335,25774,28753,23446,21042,23243,28090
Hartlepool,E06000001,37767,3035,4921,3958,3853,5126,4359,3880,3879,4756
Middlesbrough,E06000002,54547,3884,7247,5177,5541,6437,6646,6077,5483,8055
Northumberland,E06000057,146901,15459,22807,16827,16891,19038,15579,12688,11390,16222
Redcar and Cleveland,E06000003,56354,4370,7420,6076,6087,7702,6834,5317,5369,7179
Stockton-on-Tees,E06000004,87122,7894,13885,10330,9887,10139,8523,9129,7280,10055
Gateshead,E08000037,91877,7720,13979,10437,11925,10484,8667,10206,7586,10873
Newcastle upon Tyne,E08000021,119335,9556,24317,12916,13505,11237,10739,13609,7466,15990
North Tyneside,E08000022,96026,8205,16953,11624,13912,10077,8662,10312,6613,9668
South Tyneside,E08000023,64622,5031,8545,7097,8480,8174,6738,6862,6120,7575
Sunderland,E08000024,121511,9278,14842,12076,15464,14679,12137,14959,11969,16107
Blackburn with Darwen,E06000008,60523,5670,8482,5718,6702,7176,6823,5992,6791,7169
Blackpool,E06000009,61419,6832,6330,5546,8351,7184,7537,6200,4848,8591
Cheshire East,E06000049,181136,24551,35525,23592,18819,18711,16059,13650,11849,18380
Cheshire West and Chester,E06000050,160138,18672,29045,19767,16853,17003,14320,14739,11906,17833
Halton,E06000006,57577,4705,6864,6354,6818,6127,5466,7090,6235,7918
Warrington,E06000007,100856,11178,18256,13081,11716,9610,8628,9885,6872,11630
Allerdale,E07000026,46076,4663,6034,4179,4284,7766,4617,4001,4741,5791
Barrow-in-Furness,E07000027,31257,2345,4598,3211,3152,5088,3601,3050,2533,3679
Carlisle,E07000028,53874,4925,6638,5010,5978,7402,5164,5267,6366,7124
Copeland,E07000029,32891,2863,4808,3702,3075,5175,3116,2436,3671,4045
Eden,E07000030,27461,3209,3561,2429,2507,5355,2499,1961,2440,3500
South Lakeland,E07000031,51672,6930,8423,5073,4724,8508,4709,4170,3051,6084
Bolton,E08000001,123367,12018,18434,14147,14556,14129,11969,12973,10887,14254
Bury,E08000002,88036,9415,15320,11204,10825,8896,8552,8537,6723,8564
Manchester,E08000003,213705,15977,42788,26590,22286,16083,20847,24065,13372,31697
Oldham,E08000004,96300,8867,12481,10140,11303,12652,9957,8835,9326,12739
Rochdale,E08000005,90753,8295,12413,9382,10711,10805,10074,8456,9076,11541
Salford,E08000006,106904,9470,16122,12980,13900,10474,10830,11478,7897,13753
Stockport,E08000007,137130,15544,27091,18080,17082,13854,12830,13133,8141,11375
Tameside,E08000008,101892,9069,12129,11311,13599,13334,10164,10505,10325,11456
Trafford,E08000009,110912,12978,24907,15518,14288,9595,8814,9879,5754,9179
Wigan,E08000010,149908,13429,20108,16630,17337,19155,15395,13809,15513,18532
Burnley,E07000117,38133,3300,4856,3835,3978,5181,4633,3306,4187,4857
Chorley,E07000118,53702,6224,9539,6868,6048,6398,5408,3985,3949,5283
Fylde,E07000119,34510,4349,7168,4330,4324,3580,3279,2459,1832,3189
Hyndburn,E07000120,35993,3262,4308,3531,3865,5239,4465,3210,4193,3920
Lancaster,E07000121,62832,5815,11379,6764,6095,7712,7580,5572,4357,7558
Pendle,E07000122,39324,3747,5172,3802,3786,5641,4254,3674,4875,4373
Preston,E07000123,64180,5404,10417,6881,7558,6763,6196,7099,4995,8867
Ribble Valley,E07000124,28713,3954,5796,3232,2969,4030,2758,1562,1807,2605
Rossendale,E07000125,32808,3780,5411,3945,3458,4242,3678,2440,2831,3023
South Ribble,E07000126,55761,5626,9185,6976,7633,6887,5539,4656,4104,5155
West Lancashire,E07000127,51694,5751,8787,5469,5824,6071,5300,3897,4268,6327
Wyre,E07000128,48558,5209,7397,5120,6816,6703,5137,3917,3456,4803
Knowsley,E08000011,61691,4469,7199,6199,8239,7056,7327,6884,6540,7778
Liverpool,E08000012,196630,15005,34400,22029,24977,17627,20742,20772,14601,26477
Sefton,E08000014,121919,11967,19587,14187,17625,12867,13154,11775,8272,12485
St. Helens,E08000013,78580,6896,11526,8570,9323,9228,8586,7187,7162,10102
Wirral,E08000015,139929,13034,24738,16816,18013,15208,15277,11971,10685,14187
East Riding of Yorkshire,E06000011,158757,19073,25851,18198,17718,21761,15246,12083,11767,17060
"Kingston upon Hull, City of",E06000010,110903,7306,11612,10389,11021,15530,11576,12620,12531,18318
North East Lincolnshire,E06000012,70776,5839,7346,6830,7205,9163,7347,6659,10521,9866
North Lincolnshire,E06000013,78101,7654,9522,7504,7681,10703,7461,6081,10047,11448
York,E06000014,98721,10375,19864,11950,10260,9902,8993,10228,5587,11562
Craven,E07000163,27600,3512,5068,3066,2727,4494,2403,1679,1751,2900
Hambleton,E07000164,45255,5921,7766,6102,4813,6624,3808,2908,2598,4715
Harrogate,E07000165,81402,11721,14866,11670,8708,9525,7347,5986,3876,7703
Richmondshire,E07000166,27795,3374,3270,6794,2343,3926,2163,1487,1471,2967
Ryedale,E07000167,25504,3179,3595,2344,2353,4849,2358,1608,2115,3103
Scarborough,E07000168,48359,5773,6173,4170,4170,7656,5190,4493,4018,6716
Selby,E07000169,43286,5336,6669,5128,4932,5473,3821,3323,3984,4620
Barnsley,E08000016,103579,9372,12836,10260,10450,14242,10781,10870,11291,13477
Doncaster,E08000017,133815,12078,15111,13199,13530,17283,13875,13922,14079,20738
Rotherham,E08000018,114871,10285,14407,11387,12652,15018,11983,12670,12205,14264
Sheffield,E08000019,244318,20481,47803,27794,27279,26275,23217,23925,18199,29345
Bradford,E08000032,218937,20571,32021,23720,25835,25708,22306,19561,21370,27845
Calderdale,E08000033,96645,10327,16340,12120,11282,11737,9455,7151,8552,9681
Kirklees,E08000034,192397,20521,29941,22423,20707,23698,17826,16711,18843,21727
Leeds,E08000035,355225,33735,65784,46626,42777,36027,32353,33516,23312,41095
Wakefield,E08000036,151828,13859,18471,16178,16765,18414,14824,13378,16322,23617
Derby,E06000015,112422,9700,18421,12570,11887,12221,11246,10570,10860,14947
Leicester,E06000016,137494,9556,19628,12808,13883,12636,13388,14859,17406,23330
Nottingham,E06000018,123218,9055,19437,13232,11942,11831,12616,13540,10765,20800
Rutland,E06000017,18037,2752,3203,2857,1552,2214,1459,1078,1092,1830
Amber Valley,E07000032,59381,6419,8767,6534,6370,8167,5339,4376,6516,6893
Bolsover,E07000033,34511,3310,3759,3324,3549,4609,3794,2825,3933,5408
Chesterfield,E07000034,47901,4381,6948,5135,5462,5743,5335,4553,4348,5996
Derbyshire Dales,E07000035,35005,4903,6705,3542,3354,5284,2843,2024,2575,3775
Erewash,E07000036,54851,5493,7470,6218,6309,7537,4898,4942,5396,6588
High Peak,E07000037,45618,5177,8123,5330,4607,5744,4578,3206,4094,4759
North East Derbyshire,E07000038,46858,5178,6719,5128,5760,6364,4535,3914,4182,5078
South Derbyshire,E07000039,47886,5804,7715,5671,5218,5955,4224,3422,4677,5200
Blaby,E07000129,48276,5384,7700,6275,6141,6286,4233,4130,3498,4629
Charnwood,E07000130,79572,8669,14282,9726,9110,9719,7289,6178,6169,8430
Harborough,E07000131,44079,6735,8434,5856,4995,5227,3449,2864,2464,4055
Hinckley and Bosworth,E07000132,53774,6390,8305,6536,6548,6814,4795,3868,4498,6020
Melton,E07000133,26184,3248,3935,3190,2583,3563,2564,1640,2530,2931
North West Leicestershire,E07000134,46291,5383,6910,5300,5115,5859,4246,3275,4724,5479
Oadby and Wigston,E07000135,26399,2717,4547,3179,3580,2864,2357,2462,2022,2671
Boston,E07000136,30807,2410,3077,2128,2655,3957,2975,2556,5194,5855
East Lindsey,E07000137,56311,6757,6522,5301,5240,8834,6594,4707,4927,7429
Lincoln,E07000138,44599,3304,6005,4838,4210,4929,4779,5356,4462,6716
North Kesteven,E07000139,52428,6382,7451,7661,5920,6575,5208,3905,4315,5011
South Holland,E07000140,41490,4437,4034,3605,4158,5932,3793,3129,6280,6122
South Kesteven,E07000141,66532,8212,10107,8022,7200,8375,6342,5379,5619,7276
West Lindsey,E07000142,41968,4997,6610,4669,4436,5819,4425,3055,3523,4434
Corby,E07000150,30688,2367,2768,2630,2894,3326,2529,2725,4984,6465
Daventry,E07000151,39536,5700,6612,4982,4621,4587,3231,2329,2761,4713
East Northamptonshire,E07000152,43417,5443,6524,5331,4916,5703,4071,3064,3634,4731
Kettering,E07000153,46918,5278,7093,5319,5016,6023,4588,3589,4384,5628
Northampton,E07000154,106792,10358,15699,12527,13360,10949,10292,9269,8394,15944
South Northamptonshire,E07000155,45740,6875,8034,6284,5620,5702,3583,2898,2679,4065
Wellingborough,E07000156,36363,3787,4589,4034,4331,4340,3317,2988,3622,5355
Ashfield,E07000170,55336,4889,5883,5423,6354,7930,5728,5224,6168,7737
Bassetlaw,E07000171,52814,5540,6780,5093,5188,6984,5653,4223,5981,7372
Broxtowe,E07000172,53185,5334,10903,6540,6266,5961,4208,4523,3981,5469
Gedling,E07000173,55598,5972,9295,6956,7160,6912,5150,5178,3746,5229
Mansfield,E07000174,48361,4384,5349,4941,5086,6443,5287,4619,4882,7370
Newark and Sherwood,E07000175,54555,6491,7940,6032,5504,7075,5437,4275,4928,6873
Rushcliffe,E07000176,55346,7869,14585,7928,6135,4861,3838,3651,2365,4114
"Herefordshire, County of",E06000019,90237,10441,13066,9286,8783,14578,8910,6633,7668,10872
Shropshire,E06000051,150748,17708,23906,16971,15010,22984,15180,10837,11171,16981
Stoke-on-Trent,E06000021,108109,8030,11322,9674,10705,15525,11934,11796,11843,17280
Telford and Wrekin,E06000020,78372,7471,10919,8841,9051,9288,7307,6775,8431,10289
Cannock Chase,E07000192,47476,4464,5264,5092,5455,7216,4674,4244,5275,5792
East Staffordshire,E07000193,54921,5707,8008,5589,5630,6747,4667,4293,6205,8075
Lichfield,E07000194,49016,6852,9043,6158,5720,5756,3804,3479,3227,4977
Newcastle-under-Lyme,E07000195,57366,5380,9036,6056,6085,7423,5614,5348,4926,7498
South Staffordshire,E07000196,53328,6967,8832,6679,6905,7076,4321,4111,3574,4863
Stafford,E07000197,64494,7695,12284,8511,7275,7062,5477,5026,4245,6919
Staffordshire Moorlands,E07000198,47591,5265,7008,5205,4937,7420,4694,3495,4367,5200
Tamworth,E07000199,38281,3614,4417,4216,4817,4602,3131,3799,3992,5693
North Warwickshire,E07000218,31258,3549,4060,3431,3818,4044,2688,2244,3137,4287
Nuneaton and Bedworth,E07000219,60205,5102,7712,6600,7104,7287,5975,5194,6145,9086
Rugby,E07000220,50485,5736,8914,6103,5621,5300,4019,3420,3973,7399
Stratford-on-Avon,E07000221,60765,9491,11245,7947,6589,7484,4953,4391,2962,5703
Warwick,E07000222,69608,8905,17365,9869,7464,6145,5472,4939,3168,6281
Birmingham,E08000025,423691,35160,77424,46762,49752,41640,42626,38152,36206,55969
Coventry,E08000026,137560,10323,22093,14801,16137,14037,13502,13239,11964,21464
Dudley,E08000027,141998,13478,19883,15304,18440,19393,13555,13294,13375,15276
Sandwell,E08000028,128630,9515,14312,12186,15511,16116,13053,12618,15989,19330
Solihull,E08000029,97941,12312,19446,12723,13260,9681,8093,7649,5895,8882
Walsall,E08000030,112270,10174,14172,11072,13100,15368,11095,10480,12165,14644
Wolverhampton,E08000031,104284,8560,14253,10304,11795,12332,10704,9577,11410,15349
Bromsgrove,E07000234,46251,6502,9737,6057,5542,5209,4127,2853,2420,3804
Malvern Hills,E07000235,34361,4733,7006,4021,3436,4802,3153,2287,1902,3021
Redditch,E07000236,42922,4183,5625,4935,4907,5366,4003,3704,4768,5431
Worcester,E07000237,50101,4878,9078,6085,5463,5195,4591,4859,3968,5984
Wychavon,E07000238,58268,8077,9410,6963,6446,7526,5088,4289,4402,6067
Wyre Forest,E07000239,46339,5320,6262,5154,4837,6486,4825,3893,4244,5318
Bedford,E06000055,75810,8273,13687,9331,8489,8362,7054,6005,5243,9366
Central Bedfordshire,E06000056,132061,16698,22151,18600,16229,16582,11493,9392,9004,11912
Luton,E06000032,89201,7104,12054,8746,10129,9926,9092,8124,9433,14593
Peterborough,E06000031,88044,7855,11643,10002,9870,8947,8122,8153,9173,14279
Southend-on-Sea,E06000033,81339,8686,13056,10779,11828,9143,7767,6781,5160,8139
Thurrock,E06000034,77420,7245,8731,8486,11476,9645,6392,7731,7988,9726
Cambridge,E07000008,59437,5105,22615,6696,4608,3929,4322,3867,2049,6246
East Cambridgeshire,E07000009,43919,5462,8086,5175,4903,5721,4398,2977,3311,3886
Fenland,E07000010,44514,4098,4195,4342,4507,6318,4723,3421,6421,6489
Huntingdonshire,E07000011,88991,11009,14993,12421,10753,10245,7878,6505,6714,8473
South Cambridgeshire,E07000012,79139,9819,21202,10352,8507,8286,6510,4660,3652,6151
Basildon,E07000066,83006,8475,11395,10282,12414,10068,7319,6967,6779,9307
Braintree,E07000067,74200,8949,10018,9818,9142,10067,7335,5613,5661,7597
Brentwood,E07000068,36251,5097,7448,5946,5188,3630,2896,1955,1585,2506
Castle Point,E07000069,41443,4340,4576,4894,6520,6165,3840,3580,3684,3844
Chelmsford,E07000070,86451,10585,16438,12942,11866,8925,6922,6370,4723,7680
Colchester,E07000071,85587,9612,14949,12398,9784,9461,8804,7301,4966,8312
Epping Forest,E07000072,61609,9051,10107,9039,9269,7167,4845,3681,3839,4611
Harlow,E07000073,40401,3598,5000,4515,5176,5001,4153,3787,3726,5445
Maldon,E07000074,30292,4100,4530,3931,3775,4474,2593,1954,2230,2705
Rochford,E07000075,40662,4784,5924,5665,6728,5380,3289,3144,2535,3213
Tendring,E07000076,54857,5846,5985,5465,6333,7729,7403,4939,4684,6473
Uttlesford,E07000077,40772,6301,7521,6094,4590,4786,3423,2480,2238,3339
Broxbourne,E07000095,46222,5069,5608,5598,6990,6320,4031,3897,3886,4823
Dacorum,E07000096,73437,9630,13742,11076,8780,7816,6262,5537,3843,6751
East Hertfordshire,E07000242,72225,10639,14636,11160,8968,7589,5740,4345,3573,5575
Hertsmere,E07000098,49428,6790,9603,7224,6694,4767,4461,3486,2628,3775
North Hertfordshire,E07000099,64990,8310,14418,9522,7209,6420,5372,4514,3819,5406
St Albans,E07000240,71378,10983,20382,11911,7465,5042,5054,4149,2262,4130
Stevenage,E07000243,42738,3903,6827,5302,5049,5187,4184,4254,3179,4853
Three Rivers,E07000102,43999,6612,9317,6639,5574,4319,3642,2634,2096,3166
Watford,E07000103,47634,5038,9467,6925,5610,4775,4234,3991,2770,4824
Welwyn Hatfield,E07000241,52981,6009,9960,7182,6297,5224,4601,5336,2829,5543
Breckland,E07000143,61301,6381,6642,6679,6259,9208,6477,4630,6597,8428
Broadland,E07000144,61541,6900,8808,7477,7745,8752,6200,5690,4074,5895
Great Yarmouth,E07000145,41264,3939,4159,3702,4324,5797,4948,4196,4090,6109
King's Lynn and West Norfolk,E07000146,67268,7047,8130,7219,6720,9987,6979,5295,7243,8648
North Norfolk,E07000147,43183,5228,5182,4092,3988,7633,5021,3424,3333,5282
Norwich,E07000148,62424,4811,12181,7422,5944,6321,5901,6878,4157,8809
South Norfolk,E07000149,60333,6975,10579,7170,6861,8375,5627,4607,4173,5966
Babergh,E07000200,42250,5176,6458,5333,4611,6118,3945,3149,3132,4328
Forest Heath,E07000201,31540,3151,3229,5386,3134,4307,3735,2051,2793,3754
Ipswich,E07000202,65479,5197,9236,7132,7332,7722,6625,6794,6093,9348
Mid Suffolk,E07000203,48570,6123,7379,6414,5395,6973,4379,3323,3747,4837
St Edmundsbury,E07000204,56483,6351,8292,7503,5971,7095,5700,4246,4713,6612
Suffolk Coastal,E07000205,58257,6902,10172,7357,7112,7185,5398,4138,3782,6211
Waveney,E07000206,49181,4759,5702,4991,4912,7728,5900,4501,4641,6047
Camden,E09000007,108966,15366,34721,23711,9192,4665,6117,5923,2390,6881
City of London,E09000001,4747,845,1894,1097,335,114,128,109,52,173
Hackney,E09000012,118556,11427,29638,25881,10939,7544,8860,8167,3983,12117
Hammersmith and Fulham,E09000013,99618,14537,26933,22021,9597,5423,6501,5430,2517,6659
Haringey,E09000014,124296,12571,29694,21564,11841,10908,9561,8543,4868,14746
Islington,E09000019,106765,12270,33384,23561,9682,5426,6140,6065,2892,7345
Kensington and Chelsea,E09000020,81387,18949,19025,20284,6300,2892,4919,3472,1476,4070
Lambeth,E09000022,166494,18152,42838,33620,16818,10691,12381,10128,5009,16857
Lewisham,E09000023,136057,13137,30809,22475,16031,11032,12823,10372,5550,13828
Newham,E09000025,132454,9595,19666,13139,13537,13799,12151,16914,9055,24598
Southwark,E09000028,147388,15565,38033,25652,14538,9629,12185,9666,5043,17077
Tower Hamlets,E09000030,120873,13279,31026,24655,11926,7246,7199,9518,4488,11536
Wandsworth,E09000032,178582,25675,51734,39143,17899,9291,10838,9133,4317,10552
Westminster,E09000033,111179,22143,29593,25137,9684,4255,6036,5303,2183,6845
Barking and Dagenham,E09000002,75217,5094,10024,6891,9864,9137,8431,7213,7138,11425
Barnet,E09000003,170658,23035,42157,25491,19743,14030,14116,11647,6962,13477
Bexley,E09000004,110159,10269,16225,13957,19352,13475,9844,9176,7712,10149
Brent,E09000005,147461,14130,26814,18590,16144,15599,12019,14074,10162,19929
Bromley,E09000006,151368,19784,32394,24488,23079,13956,11546,10194,6297,9630
Croydon,E09000008,172987,17832,33894,23715,25436,16524,16350,15062,9045,15129
Ealing,E09000009,164820,17905,34624,23416,17687,16331,12293,13026,10132,19406
Enfield,E09000010,137622,14836,26102,17202,17936,14348,13093,11575,8296,14234
Greenwich,E09000011,117821,11295,24081,16684,13759,10589,11396,9324,6508,14185
Harrow,E09000015,113900,13368,26446,14492,15464,10061,8358,10248,5862,9601
Havering,E09000016,112846,11019,15960,14716,19862,14734,9509,9282,8353,9411
Hillingdon,E09000017,130290,13353,22237,16961,17313,13565,11542,11242,9716,14361
Hounslow,E09000018,127032,13071,23472,17382,14694,11217,10631,11266,8691,16608
Kingston upon Thames,E09000021,81957,10882,20651,13336,9397,6278,6185,6569,2737,5922
Merton,E09000024,104822,12572,25598,15995,12300,9416,8113,7563,4594,8671
Redbridge,E09000026,124692,13875,28543,16575,17382,10287,9200,10810,7458,10562
Richmond upon Thames,E09000027,99204,17333,29443,20379,9473,5249,6133,4501,2225,4468
Sutton,E09000029,97658,10518,18731,13612,14327,11201,8987,7407,5417,7458
Waltham Forest,E09000031,121021,10590,21634,15236,14957,13762,10438,10300,7995,16109
Bracknell Forest,E06000036,61914,8081,11578,9382,7540,6545,5792,4618,2784,5594
Brighton and Hove,E06000043,139823,16294,31769,23382,13470,12068,12925,12910,5046,11959
Isle of Wight,E06000046,59299,6769,8644,6347,5712,9102,7183,5151,3467,6924
Medway,E06000035,126689,11924,16404,15265,16223,16564,12171,11670,10870,15598
Milton Keynes,E06000042,127783,13871,23219,17189,16037,11298,10035,11910,8484,15740
Portsmouth,E06000044,96619,8915,15310,12311,10331,11164,9268,10124,6642,12554
Reading,E06000038,79852,7155,19571,10793,8018,7162,6814,7225,4042,9072
Slough,E06000039,67300,5512,10511,7390,7430,6663,6268,6322,6721,10483
Southampton,E06000045,112608,8705,19206,12661,11778,12826,10940,11547,9521,15424
West Berkshire,E06000037,81679,10688,16533,11596,9536,9129,7166,5953,4198,6880
Windsor and Maidenhead,E06000040,73951,12111,16413,13022,7920,6356,5583,4367,2874,5305
Wokingham,E06000041,81377,11531,20883,13298,9495,6765,6132,5431,2864,4978
Aylesbury Vale,E07000004,90724,12437,16995,13195,10384,10369,8094,6567,4978,7705
Chiltern,E07000005,44785,7804,10340,7059,4968,3999,3651,2577,1542,2845
South Bucks,E07000006,33117,6241,6914,5216,4047,3105,2325,1749,1395,2125
Wycombe,E07000007,86350,12404,16744,12987,9603,9244,7103,6745,4692,6828
Eastbourne,E07000061,44449,4455,7365,5163,4607,5364,5486,4412,2497,5100
Hastings,E07000062,40671,3954,5682,4520,4891,5406,5388,3703,2785,4342
Lewes,E07000063,45532,5294,8202,6162,4843,5863,4975,3446,2630,4117
Rother,E07000064,37583,4945,6069,4372,4294,5751,4278,2592,1934,3348
Wealden,E07000065,71084,9961,12168,9574,8112,10005,7137,4898,3320,5909
Basingstoke and Deane,E07000084,90122,10816,17515,12987,11067,9371,7412,7040,5188,8726
East Hampshire,E07000085,58457,8353,11334,8244,6504,7108,5639,3654,2803,4818
Eastleigh,E07000086,65768,7241,11807,9005,8492,7978,5857,5591,3979,5818
Fareham,E07000087,56445,6904,10357,8704,7169,6202,4825,4675,2906,4703
Gosport,E07000088,40063,3779,4860,5801,4633,5074,4356,3581,2947,5032
Hart,E07000089,48047,7371,10655,8096,5645,4595,3586,3177,1836,3086
Havant,E07000090,55555,5595,8036,6163,6341,7638,5565,5438,4538,6241
New Forest,E07000091,82993,10174,13273,10249,9799,11447,8674,5978,5212,8187
Rushmoor,E07000092,51087,5077,7495,8260,6011,5745,5041,4405,3186,5867
Test Valley,E07000093,59611,7942,10859,7868,7445,6593,5098,4511,3702,5593
Winchester,E07000094,57318,8238,14540,8176,5891,5488,4388,3704,2006,4887
Ashford,E07000105,57546,7025,9056,6704,6261,7600,5283,5185,4179,6253
Canterbury,E07000106,65620,6964,13470,7768,6449,7446,6692,6144,3317,7370
Dartford,E07000107,49611,5124,7220,6153,7269,6242,4415,4526,3710,4952
Dover,E07000108,50396,4949,7228,5911,5596,6197,6463,4347,3970,5735
Gravesham,E07000109,47639,4812,6190,5315,5898,6083,4281,4609,4120,6331
Maidstone,E07000110,78090,9474,12799,10976,9750,9332,6609,5957,4943,8250
Sevenoaks,E07000111,56015,8044,10758,8142,7124,6545,4505,3740,2850,4307
Folkestone and Hythe,E07000112,48280,5292,6400,6200,5121,6149,5707,4679,3344,5388
Swale,E07000113,62810,6558,8026,7336,7482,8477,6064,4853,5944,8070
Thanet,E07000114,55200,5489,7794,5669,5717,7174,7447,5352,3970,6588
Tonbridge and Malling,E07000115,59993,7768,10283,8380,7652,6798,5229,4530,3544,5809
Tunbridge Wells,E07000116,57234,8005,11764,8487,6302,6209,4756,4320,2393,4998
Cherwell,E07000177,74829,8708,12468,9811,8423,8799,6300,6568,5850,7902
Oxford,E07000178,69807,5791,23478,8106,5805,4912,5713,4659,3215,8128
South Oxfordshire,E07000179,70087,10095,15018,10215,7444,7969,5674,4186,3394,6092
Vale of White Horse,E07000180,63181,8057,14651,8954,6904,6923,5030,3943,3362,5357
West Oxfordshire,E07000181,56515,7384,10416,8344,6036,7307,4998,3666,3381,4983
Elmbridge,E07000207,64730,12074,15800,11443,6968,4760,4868,3435,1947,3435
Epsom and Ewell,E07000208,38005,4923,8696,5898,5055,3588,3275,2539,1527,2504
Guildford,E07000209,70021,9551,17168,11221,7200,6623,5452,4881,2488,5437
Mole Valley,E07000210,42422,6422,9518,6613,5045,4505,3678,2326,1495,2820
Reigate and Banstead,E07000211,71236,9835,14701,11262,9125,6869,6728,4531,3093,5092
Runnymede,E07000212,40651,5464,7676,5848,5034,4255,3649,3023,1990,3712
Spelthorne,E07000213,50161,5868,8175,7420,7607,5200,4448,3714,3215,4514
Surrey Heath,E07000214,44968,6957,9137,7253,5440,4315,3808,2994,1864,3200
Tandridge,E07000215,41813,6527,7870,6536,5367,4700,4050,2432,1715,2616
Waverley,E07000216,59178,9368,14132,8980,6161,6134,4920,3541,1887,4055
Woking,E07000217,51341,6879,11765,7692,6010,4594,4342,3760,2456,3843
Adur,E07000223,29356,3153,4232,3644,3419,4053,3412,2800,1952,2691
Arun,E07000224,67443,7843,8944,7456,7698,9014,8231,5511,4696,8050
Chichester,E07000225,53285,7586,9983,6957,5219,6862,5170,3711,2477,5320
Crawley,E07000226,55466,5035,6807,6653,6853,5203,6665,5886,4384,7980
Horsham,E07000227,66299,9358,12684,9836,7854,7385,6421,4561,2861,5339
Mid Sussex,E07000228,72229,9618,14062,10997,8784,7413,7698,4905,3091,5661
Worthing,E07000229,50611,5437,8604,6735,6159,5668,5968,4665,2785,4590
Bath and North East Somerset,E06000022,84858,9698,18637,10587,9295,9473,7249,6850,4380,8689
Bournemouth,E06000028,89186,9926,14625,11366,9541,10134,9200,9288,5005,10101
"Bristol, City of",E06000023,209995,18103,47493,28688,23299,20104,17934,18315,12107,23952
Cornwall,E06000052,244527,27985,33767,25455,23320,41511,25798,20094,17369,29228
Isles of Scilly,E06000053,1311,261,121,118,110,258,143,56,71,173
North Somerset,E06000024,97563,11897,16808,12908,11305,11026,9592,8534,6114,9379
Plymouth,E06000026,117466,9508,16170,14638,13201,15317,12914,12497,8647,14574
Poole,E06000029,71709,8343,11824,8611,8468,9427,6648,6518,4711,7159
South Gloucestershire,E06000025,136531,14169,23682,16740,19070,16781,11637,12497,8650,13305
Swindon,E06000030,109499,10444,17031,13782,13094,11704,8890,10481,9633,14440
Torbay,E06000027,56912,6758,7004,5799,5814,8077,7282,5379,3721,7078
Wiltshire,E06000054,239216,29672,39957,34876,26074,29613,21914,17595,15323,24192
East Devon,E07000040,59908,7280,9181,7317,6136,9190,6415,4822,3176,6391
Exeter,E07000041,57139,4777,10975,6645,6483,5828,5559,6367,3357,7148
Mid Devon,E07000042,38508,4245,5685,3906,3912,6574,3751,3049,3115,4271
North Devon,E07000043,44754,5219,5886,4559,4019,7773,4533,3747,3295,5723
South Hams,E07000044,39999,5559,7530,4858,3713,6396,3665,2659,1875,3744
Teignbridge,E07000045,58962,7177,9643,6666,6063,8364,6334,5000,3756,5959
Torridge,E07000046,29402,3047,3353,2410,2614,6360,3468,2256,2343,3551
West Devon,E07000047,25241,3043,4337,2640,2329,4375,2515,1629,1637,2736
Christchurch,E07000048,20301,2499,3360,2338,2448,2736,2060,1827,1085,1948
East Dorset,E07000049,40050,5647,6872,4945,4969,5389,3666,3027,2070,3465
North Dorset,E07000050,33432,3773,4859,4429,3209,5504,3166,2144,2414,3934
Purbeck,E07000051,21419,2643,2957,2668,2325,3371,2173,1549,1361,2372
West Dorset,E07000052,45714,5584,7888,5202,4498,7402,4526,3262,2549,4803
Weymouth and Portland,E07000053,29987,3084,4048,3540,3097,4330,3639,2573,2071,3605
Cheltenham,E07000078,59183,6495,12307,7941,8448,5350,4780,5042,3025,5795
Cotswold,E07000079,41529,6485,7175,5150,4166,5868,3722,2724,2109,4130
Forest of Dean,E07000080,39068,4294,5426,4114,4288,6073,4236,2573,3573,4491
Gloucester,E07000081,61374,5300,8359,7208,8173,7320,6555,5836,5245,7378
Stroud,E07000082,57342,7099,10925,7024,5981,7871,5387,3542,4267,5246
Tewkesbury,E07000083,41544,4936,7028,5392,5959,4976,3514,3045,2840,3854
Mendip,E07000187,53845,6298,8545,5786,5231,8080,5426,4177,4254,6048
Sedgemoor,E07000188,54540,5970,7082,5349,5694,7868,5802,4491,5200,7084
South Somerset,E07000189,78771,8308,11384,8734,7815,13094,8046,6367,6430,8593
Taunton Deane,E07000190,54244,5619,9082,6678,6146,6670,6269,4563,3513,5704
West Somerset,E07000191,15355,1929,1801,1361,1300,2793,1896,1114,936,2225
Isle of Anglesey,W06000001,30431,2968,4656,3090,3012,5092,3542,2388,2294,3389
Gwynedd,W06000002,53961,5549,8572,5060,4827,9016,6301,4219,3724,6693
Conwy,W06000003,50093,5822,7811,5255,4847,7239,6107,4456,3048,5508
Denbighshire,W06000004,41156,4081,6640,4139,4002,6008,5455,3091,3030,4710
Flintshire,W06000005,74049,6851,10100,8050,8045,10379,7094,6633,8237,8660
Wrexham,W06000006,63614,5339,9079,6279,6674,8472,6711,5408,7723,7929
Powys,W06000023,63653,6697,8979,5658,5984,13499,6450,4118,4928,7340
Ceredigion,W06000008,32446,3119,5431,3021,3189,6287,3255,2407,1920,3817
Pembrokeshire,W06000009,54217,5616,7080,5468,4811,10202,6322,4394,4073,6251
Carmarthenshire,W06000010,80680,7355,12203,7841,8446,13189,8965,7026,6552,9103
Swansea,W06000011,102793,8893,17694,11020,13457,11472,10013,11257,6690,12297
Neath Port Talbot,W06000012,58980,4570,7618,5875,7573,7880,6670,5328,5902,7564
Bridgend,W06000013,61259,5586,9175,6953,6524,7724,6520,5893,5464,7420
Vale of Glamorgan,W06000014,58978,6581,10800,8288,7174,6463,6035,5194,3208,5235
Cardiff,W06000015,159614,14400,35984,21457,19005,12946,13495,17334,7767,17226
Rhondda Cynon Taff,W06000016,99327,7756,13826,10216,11314,12922,11742,8940,9766,12845
Merthyr Tydfil,W06000024,25099,1785,3183,2471,2741,3232,2758,2528,2563,3838
Caerphilly,W06000018,77488,6258,9830,8366,9934,9890,7909,7123,8357,9821
Blaenau Gwent,W06000019,28291,1942,3086,2390,2676,3718,3720,2467,3873,4419
Torfaen,W06000020,40261,3178,5128,4293,4921,5378,4493,3781,4113,4976
Monmouthshire,W06000021,42817,5464,8697,4985,4199,5545,3706,2946,2491,4784
Newport,W06000022,64408,5992,9812,7071,8052,6724,6204,6461,5270,8822
