area,district_code,total_all_usual_residents_aged_16_years_and_over_in_employment_the_week_before_the_census,"a_agriculture,_forestry_and_fishing",b_mining_and_quarrying,c_manufacturing,"d_electricity,_gas,_steam_and_air_conditioning_supply","e__water_supply;_sewerage,_waste_management_and_remediation_activities",f_construction,g_wholesale_and_retail_trade;_repair_of_motor_vehicles_and_motorcycles,h_transport_and_storage,i_accommodation_and_food_service_activities,j_information_and_communication,k_financial_and_insurance_activities,l_real_estate_activities,"m_professional,_scientific_and_technical_activities",n_administrative_and_support_service_activities,o_public_administration_and_defence;_compulsory_social_security,p_education,q_human_health_and_social_work_activities,"r,_s,_t,_u_other"
Hartlepool,E06000001,37749,149,428,3874,584,444,3809,5734,1452,1845,834,628,544,1689,1645,2632,3763,6354,1341
Middlesbrough,E06000002,56431,82,604,3989,439,397,4797,9048,3102,3034,1529,1203,762,2083,2735,3610,5282,11756,1979
Redcar and Cleveland,E06000003,55620,283,1052,4610,537,467,5387,8317,2676,2815,1109,854,919,2557,2547,3698,5188,10322,2282
Stockton-on-Tees,E06000004,86447,259,938,6914,850,586,7319,13503,4233,3879,2649,2231,1223,4629,3814,6455,8847,14889,3229
Darlington,E06000005,49295,311,135,4239,184,295,3760,8468,2869,2295,2053,1455,522,2158,2351,4199,4293,7872,1836
County Durham,E06000047,222212,2329,810,24271,1837,2157,20087,32612,10228,10094,5391,3926,2978,8805,9727,20085,24092,33805,8978
Northumberland,E06000057,140780,3830,810,10802,1130,1069,12174,19466,5414,7762,4438,3032,2274,7282,6448,11590,12077,24552,6630
Newcastle upon Tyne,E08000021,125084,163,354,6523,775,449,7803,17007,5646,9286,5769,3509,1901,7897,6680,9047,13678,23254,5343
North Tyneside,E08000022,97270,145,538,6377,882,488,7050,12936,3744,4859,5117,3035,1389,4971,4708,10049,10469,16631,3882
South Tyneside,E08000023,62517,61,511,5961,714,448,5323,8724,3339,2965,1970,1625,780,2451,2882,5754,5951,10661,2397
Sunderland,E08000024,117153,147,423,12825,2010,851,9476,18449,5763,5538,3188,4079,1752,3550,5952,9463,10234,18899,4554
Gateshead,E08000037,87512,153,273,7203,681,573,6980,13231,4446,4513,3293,2467,1266,4274,4548,7014,8611,14446,3540
Halton,E06000006,58710,96,116,6045,476,797,4879,10421,4060,2425,2399,1269,785,3141,3350,3491,4696,8177,2087
Warrington,E06000007,103190,312,128,7428,1025,2076,8414,17513,6492,4163,5303,2879,1464,7349,5726,5619,8601,14608,4090
Blackburn with Darwen,E06000008,63561,161,29,7875,305,345,4321,11607,3131,2689,1930,1001,756,2653,3138,3950,6378,11420,1872
Blackpool,E06000009,59359,105,53,4004,350,286,4683,9266,2580,5946,1019,1077,642,1984,2787,5545,3920,12140,2972
Cheshire East,E06000049,192485,2765,280,19113,876,1133,13406,30000,9797,8105,9476,8196,3190,15702,9998,7422,17293,27137,8596
Cheshire West and Chester,E06000050,169088,2137,441,16052,1018,1410,11795,27325,7422,8986,6241,7500,2639,12304,8674,8310,15657,23563,7614
Cumberland,E06000063,127754,3951,215,10828,1179,9396,12743,18178,6100,8086,2139,1486,1303,5277,5939,7872,9827,18363,4872
Westmorland and Furness,E06000064,108663,4195,553,11155,987,1076,10018,16164,3518,10406,2202,1400,1227,4912,5036,7330,9374,14140,4970
Burnley,E07000117,40037,119,25,5775,130,224,3134,7832,1792,1742,1064,666,487,1297,2118,1927,3453,6870,1382
Chorley,E07000118,57242,478,44,4948,353,475,5494,8984,2364,2137,1955,1374,897,3422,2714,4344,5778,9021,2460
Fylde,E07000119,35716,335,30,3306,337,176,2605,4696,1106,2207,1095,1061,579,2131,1555,3682,3404,5686,1725
Hyndburn,E07000120,35620,123,15,4702,170,244,3085,6678,1829,1377,942,494,411,1334,1518,1941,3364,6097,1296
Lancaster,E07000121,62402,1025,141,3373,1489,487,5032,8979,2698,3877,1655,1074,621,2846,2775,3183,8785,11611,2751
Pendle,E07000122,39622,351,20,6547,88,192,3150,7539,1977,1768,1014,825,419,1575,1987,1583,3516,5631,1440
Preston,E07000123,66636,482,30,6028,363,444,4736,10995,3161,3023,1860,1416,881,2956,3564,5676,6138,12698,2185
Ribble Valley,E07000124,30383,860,42,3289,122,186,2763,4455,794,1433,897,621,497,2079,1166,1814,3506,4503,1356
Rossendale,E07000125,33108,164,48,3447,121,233,3173,5450,1301,1217,1156,618,495,1664,1528,1947,3667,5540,1339
South Ribble,E07000126,54718,451,30,5309,411,485,4891,8492,2494,1788,1633,1190,947,2663,2442,5802,5382,8195,2113
West Lancashire,E07000127,53545,1085,102,4628,202,412,4573,9040,2700,2394,1423,1470,694,2790,2509,3256,5634,8379,2254
Wyre,E07000128,47838,902,124,3643,380,281,4536,6751,1753,2700,1030,974,576,2401,1888,5090,4777,7848,2184
Bolton,E08000001,125439,245,78,10613,1104,1008,11004,23474,7621,5190,3634,3867,1885,6618,6502,6652,12031,19288,4625
Bury,E08000002,88475,155,30,6403,448,618,6955,14800,4172,3654,3440,3244,1438,5814,4328,5307,10114,14008,3547
Manchester,E08000003,234290,205,86,10303,969,861,11817,36174,14042,16420,12331,7419,3535,17909,15445,9945,25443,40867,10519
Oldham,E08000004,98205,157,44,8153,484,607,8323,18026,6379,5443,2778,2652,1584,4460,5023,5510,9870,15212,3500
Rochdale,E08000005,94462,177,59,8089,350,666,8268,18286,6181,3935,2812,2461,1485,4039,4665,5081,9265,15278,3365
Salford,E08000006,127603,116,60,7109,782,992,9743,21810,6344,7030,6666,4866,2342,8898,7887,5852,11956,19611,5539
Stockport,E08000007,139812,190,103,9220,925,640,10803,20171,6060,5460,7348,6166,2557,11604,7270,6859,15352,22920,6164
Tameside,E08000008,105659,130,93,10078,840,839,9740,17867,5900,4634,3455,3405,1807,5388,5591,6057,9374,16290,4171
Trafford,E08000009,111558,142,101,5919,676,692,7251,15373,4625,4259,7193,5389,2280,10896,5815,5435,12749,17923,4840
Wigan,E08000010,154610,349,118,13750,1085,1803,17544,26191,8770,6007,4304,3669,1738,6768,7962,9786,13377,25183,6206
Knowsley,E08000011,69489,114,92,5519,405,593,6453,11246,4502,2946,1857,2132,1082,2668,3264,4819,5955,13004,2838
Liverpool,E08000012,205739,226,211,11374,688,1110,13365,30822,11930,14025,6298,6480,3445,10697,9993,14937,22228,38386,9524
St. Helens,E08000013,82622,208,69,6948,470,1111,7674,14474,5032,3186,2422,1768,1136,3694,4345,5010,7383,14545,3147
Sefton,E08000014,124605,621,144,7240,513,816,10299,18935,6305,5867,3406,4877,1910,6546,5406,12101,12152,21836,5631
Wirral,E08000015,139504,279,236,11144,763,1145,10407,19581,6145,6333,3790,4221,2344,8518,7002,10726,14003,26722,6145
"Kingston upon Hull, City of",E06000010,117786,548,217,17904,863,832,10861,21856,5874,6130,2508,1020,1094,3482,6742,5863,9636,18088,4268
East Riding of Yorkshire,E06000011,156122,4761,474,15495,1414,1098,14900,24096,6821,7281,3810,2405,1719,7984,6825,11306,16081,23021,6631
North East Lincolnshire,E06000012,68851,341,499,9540,744,429,5790,12557,5520,3453,909,640,706,2504,3621,2842,5731,10533,2492
North Lincolnshire,E06000013,76217,1328,295,13248,578,579,6345,13115,5117,3363,1215,848,782,2467,3432,3862,6074,10924,2645
York,E06000014,96206,563,58,5002,333,415,6907,13966,4199,6882,3853,3642,1091,6227,4244,6194,13105,14655,4870
North Yorkshire,E06000065,293539,10930,860,23741,1798,1815,25550,43876,10406,18810,8626,7700,4266,18960,13792,22290,26109,39955,14055
Barnsley,E08000016,111684,501,131,11963,603,1084,13024,21681,6297,4103,2888,2037,1104,4102,5176,6467,9409,17109,4005
Doncaster,E08000017,137859,800,187,12396,878,1197,14655,29090,11402,5721,3192,2957,1210,4387,6431,7672,10744,20210,4730
Rotherham,E08000018,117804,338,146,12672,681,1266,12912,20010,7011,4894,3694,2819,1001,4313,5654,6856,11147,18268,4122
Sheffield,E08000019,242009,459,189,17290,875,1420,18755,35670,11389,12079,9861,6739,2714,13227,10843,14052,30497,45900,10050
Bradford,E08000032,221136,645,125,20441,832,2016,15209,39036,13189,10826,6819,9191,3074,10742,11245,12475,23439,34053,7779
Calderdale,E08000033,93381,363,144,9139,343,850,8352,14400,3675,3756,2996,5850,1365,4817,3967,5114,10251,13903,4096
Kirklees,E08000034,190090,694,206,22717,786,1519,15813,32167,9438,8050,5602,6471,2205,10323,8434,10554,20321,27609,7181
Leeds,E08000035,374058,908,262,23901,2600,2737,27964,55492,17431,18732,17111,17039,5125,26529,21157,20735,39412,60051,16872
Wakefield,E08000036,164639,631,240,15989,1377,1541,15422,33869,9950,6436,4368,4776,2306,6811,7951,9933,13772,23332,5935
Derby,E06000015,116208,214,94,14662,684,1116,8010,19177,9121,5754,3575,1638,1194,5236,5827,5149,10865,19867,4025
Leicester,E06000016,154936,125,82,22695,1555,683,8010,31303,11298,7270,3885,3626,1221,5414,8449,6211,14111,24583,4415
Rutland,E06000017,18785,433,18,1607,69,141,1407,2609,540,878,671,442,284,1329,871,2232,2458,1937,859
Nottingham,E06000018,128863,142,58,9202,1301,601,8346,22866,8055,8392,4870,2289,1703,5833,6591,6393,13733,23419,5069
North Northamptonshire,E06000061,178857,1087,83,20718,711,1349,16708,37186,13241,6884,5223,4142,1909,8051,9274,7539,14942,23283,6527
West Northamptonshire,E06000062,215991,1754,94,18801,1271,1311,20805,39165,16404,8321,8118,8723,2505,11883,11681,9518,18396,27628,9613
Amber Valley,E07000032,60168,402,107,8684,406,521,6578,9230,3126,2400,1676,781,739,2965,2630,3717,5604,8010,2592
Bolsover,E07000033,38094,209,96,4568,205,420,3712,7885,2349,1560,843,555,304,1217,1713,2137,2931,5973,1417
Chesterfield,E07000034,47532,112,108,4245,273,477,4351,8527,2582,2156,1618,916,408,2012,2103,2809,4184,8796,1855
Derbyshire Dales,E07000035,33223,1332,327,3107,122,311,3077,4198,1235,2241,1047,469,473,2183,1570,2067,3514,4243,1707
Erewash,E07000036,54961,165,43,6862,396,481,5321,9806,3554,2241,1783,989,669,2553,2460,2859,5479,7172,2128
High Peak,E07000037,44614,489,469,4841,201,263,3963,6229,1861,2098,1641,1134,550,3077,1999,2353,4833,6547,2066
North East Derbyshire,E07000038,46559,414,92,4631,268,381,5081,7658,2153,1975,1404,1104,541,2272,2067,2964,4432,7255,1867
South Derbyshire,E07000039,53904,608,100,7553,359,431,4842,8412,3716,2119,1630,862,622,2952,2369,2353,5158,7630,2188
Blaby,E07000129,51443,246,92,4784,741,333,5731,9159,2459,1721,1463,1686,538,2538,2163,3068,5545,7063,2113
Charnwood,E07000130,84801,470,221,8602,726,476,7595,14240,4012,3604,2706,2083,953,4666,3811,4358,11843,10731,3704
Harborough,E07000131,48777,982,40,4131,354,280,4388,8416,2081,1697,1821,1702,701,3512,2197,2514,5639,5964,2358
Hinckley and Bosworth,E07000132,55883,543,112,6058,1247,420,5503,9730,3476,2110,1689,1459,605,2870,2428,2746,5646,6832,2409
Melton,E07000133,25474,774,42,3307,133,152,2401,3982,994,1088,714,572,323,1583,1189,1390,2539,3008,1283
North West Leicestershire,E07000134,51953,424,354,6201,445,410,5623,8782,3855,2089,1459,900,621,2751,2653,2410,5190,5715,2071
Oadby and Wigston,E07000135,25992,38,17,2387,303,108,1954,4485,1115,897,769,945,368,1376,1102,1463,3321,4436,908
Boston,E07000136,33627,1764,16,5376,90,215,2346,6789,1790,1209,317,295,459,791,2795,1032,2138,5191,1014
East Lindsey,E07000137,55576,2753,123,4355,253,564,4892,9349,2158,4518,833,437,752,2059,2824,3711,4891,7982,3122
Lincoln,E07000138,46714,361,62,4355,305,671,3759,8718,1973,2977,1420,457,468,1570,2578,3057,4456,7656,1871
North Kesteven,E07000139,56893,1524,141,4372,437,800,5080,7791,2112,2263,1700,746,583,2463,2340,8132,5758,8397,2254
South Holland,E07000140,45238,2185,35,6565,153,354,4101,9338,3247,1919,829,723,458,1657,2658,1594,3157,4863,1402
South Kesteven,E07000141,68189,1385,104,6712,347,665,6328,11397,2838,3028,2451,2089,906,3736,3249,4107,7042,8764,3041
West Lindsey,E07000142,42137,1721,125,3946,411,495,4022,6308,1885,1524,897,519,510,1874,1889,3122,4585,6562,1742
Ashfield,E07000170,58442,186,92,7572,664,472,6296,10873,3234,2231,1423,817,651,1899,2445,3153,5004,9323,2107
Bassetlaw,E07000171,54933,790,110,6551,532,389,5427,10459,3223,2370,1212,918,484,2004,2370,2811,4348,8745,2190
Broxtowe,E07000172,51915,112,29,4698,530,277,4515,8499,2475,1803,2207,1036,672,3124,1969,3215,7035,7673,2046
Gedling,E07000173,56192,200,39,3941,601,373,5726,8926,2525,2160,2004,1281,952,2947,2422,4047,6500,9156,2392
Mansfield,E07000174,51369,163,71,5743,342,461,5228,10618,2949,2486,983,670,563,1571,2198,2986,4049,8441,1847
Newark and Sherwood,E07000175,57112,1033,90,5527,412,616,5628,10385,2688,2817,2080,871,734,2831,2557,3403,5034,7917,2489
Rushcliffe,E07000176,56979,554,55,3911,546,270,4173,7725,1784,1889,3061,1650,975,5242,2215,3817,8201,8356,2555
"Herefordshire, County of",E06000019,88513,4808,119,9613,360,605,8539,14028,2421,3969,2439,1319,1309,4634,4670,4676,7595,13531,3878
Telford and Wrekin,E06000020,85492,805,82,12160,387,921,6765,13121,3891,3657,3719,2120,1195,3246,4594,6425,7609,11723,3072
Stoke-on-Trent,E06000021,112583,249,118,11138,435,990,9407,22886,8860,5257,2958,2288,1008,3322,5115,4331,8519,19709,5993
Shropshire,E06000051,152420,6448,224,13817,596,1536,14326,22894,5300,7117,4755,2763,2198,8202,7052,9999,14385,24338,6470
Cannock Chase,E07000192,48875,133,34,5300,297,742,6494,9259,2988,2051,1149,909,526,1714,2208,2678,4025,6543,1825
East Staffordshire,E07000193,59321,872,96,8142,224,450,5010,11049,4469,2717,1604,758,623,2675,2881,2216,5074,8046,2415
Lichfield,E07000194,50471,492,29,4685,217,512,5241,8278,2470,2156,1742,1383,767,3282,2462,2849,5242,6353,2311
Newcastle-under-Lyme,E07000195,56686,451,56,5343,256,465,5067,10415,2750,2236,1780,1393,650,2382,2435,2492,5846,9837,2832
South Staffordshire,E07000196,50699,540,40,4980,291,557,5970,7691,2138,1852,1391,1628,892,2716,2263,3492,5472,6694,2092
Stafford,E07000197,65761,1138,47,5270,705,557,5355,10362,3515,2637,2466,1261,883,3294,2850,5787,6345,10451,2838
Staffordshire Moorlands,E07000198,45037,1323,112,5184,202,396,4543,6685,2000,1876,1191,1230,582,2254,1924,2057,4371,6694,2413
Tamworth,E07000199,38165,65,42,4653,161,319,3602,8168,3538,1696,1119,864,293,1453,2196,1539,2850,4111,1496
North Warwickshire,E07000218,31753,351,34,3538,216,305,3268,5524,2916,1258,927,721,376,1373,1632,1562,2829,3650,1273
Nuneaton and Bedworth,E07000219,63110,175,42,7381,575,598,4811,11719,5652,2598,1923,1482,543,2273,2996,3249,5505,9398,2190
Rugby,E07000220,58105,556,57,5790,608,370,4174,11199,5558,2157,2400,1443,619,3201,2430,2830,5755,6839,2119
Stratford-on-Avon,E07000221,66236,1478,39,6581,626,483,5319,9536,2023,3494,3451,2518,1161,5692,3607,2658,6510,7307,3753
Warwick,E07000222,72753,413,33,8322,1555,477,4335,9094,2273,3258,5057,2029,1015,6847,2910,3310,9099,9463,3263
Bromsgrove,E07000234,47289,333,15,4144,321,342,4602,6152,1334,1752,2003,1806,934,3576,2262,2569,5653,7452,2039
Malvern Hills,E07000235,35798,1000,41,3213,188,306,3136,4905,912,1559,1517,763,815,2718,1864,2110,4044,5013,1694
Redditch,E07000236,42686,207,14,7105,210,284,3791,7651,1982,1753,1599,1022,443,1796,2552,1889,3200,5754,1434
Worcester,E07000237,51638,201,35,5034,310,439,3676,7992,2402,2610,1884,1094,1164,2518,2827,3141,5551,8554,2206
Wychavon,E07000238,63653,1740,76,6782,393,496,5652,10650,2382,2756,2399,1683,1168,4124,3483,3384,5547,8103,2835
Wyre Forest,E07000239,45789,354,15,5350,241,487,4309,8078,2062,1933,1500,916,813,2232,2477,2244,4060,6731,1987
Birmingham,E08000025,442417,401,77,34819,2158,2553,28968,67404,30275,24881,14608,14229,6586,24242,23685,21205,51826,77989,16511
Coventry,E08000026,150138,276,68,15807,1503,1369,9303,24769,12327,7150,5580,4110,1704,6699,7515,6700,17612,22609,5037
Dudley,E08000027,144649,178,40,16462,1126,1302,15028,23873,7079,5663,3825,3908,1680,6352,6547,8676,14724,22682,5504
Sandwell,E08000028,141069,164,45,16278,831,1188,12216,24550,11279,7138,3091,3614,1664,4952,7274,7023,12595,22321,4846
Solihull,E08000029,97944,223,28,9501,1238,693,8487,13196,4457,3918,5171,4682,1709,6974,4891,5027,10647,13480,3622
Walsall,E08000030,118535,156,56,13295,556,1247,11449,21851,8739,5211,2583,2847,1675,4186,5610,5564,11330,18063,4117
Wolverhampton,E08000031,111301,224,38,12753,472,1112,9218,18688,8111,4832,2640,3094,1531,3852,5325,5885,10326,19591,3609
Peterborough,E06000031,100969,716,61,9869,291,850,7023,20193,7767,4398,4240,4022,1199,4237,6199,5364,7738,13390,3412
Luton,E06000032,98712,112,42,7377,272,480,9497,17012,10733,5488,3578,1958,1406,4051,6792,4042,9032,13870,2970
Southend-on-Sea,E06000033,83260,144,40,4454,245,540,7621,11188,4155,3956,3078,7547,1413,5117,4590,4669,7612,12923,3968
Thurrock,E06000034,85941,150,89,4312,399,796,10722,16044,8982,3277,2655,4138,1164,4201,4714,4350,6936,10021,2991
Bedford,E06000055,90868,555,46,6405,563,522,8242,15323,5475,3952,3934,2552,1456,5704,4643,5335,9795,12858,3508
Central Bedfordshire,E06000056,151074,1009,77,11657,581,955,17088,23691,7887,5959,7247,4547,2726,9577,8387,9697,15624,17000,7365
Cambridge,E07000008,70603,177,46,3853,157,212,2468,6076,1652,3653,7118,1062,686,10027,2663,1982,15145,10671,2955
East Cambridgeshire,E07000009,44688,1296,64,3884,163,321,4292,5751,1748,1484,2684,826,639,4185,2205,1926,5562,5284,2374
Fenland,E07000010,47111,1295,30,6459,262,515,5137,8070,2862,1653,1127,859,520,2057,2805,2548,3487,5683,1742
Huntingdonshire,E07000011,91401,1105,59,9208,359,1039,8163,13170,3545,3522,4871,2318,1391,6548,4630,6774,8554,12107,4038
South Cambridgeshire,E07000012,82268,1015,49,6735,211,343,5882,8432,2125,2747,7224,1648,1095,9933,3504,3053,13102,11677,3493
Basildon,E07000066,89003,289,54,5362,339,770,11277,13404,5698,3249,3619,7165,1186,5174,4765,4289,7019,11898,3446
Braintree,E07000067,76281,817,56,5707,269,609,9651,11981,4405,2839,2663,3699,1202,4703,3952,4297,6615,9540,3276
Brentwood,E07000068,37900,161,36,1677,117,183,4373,3992,1559,1233,2181,4719,772,3403,2010,1846,3633,4294,1711
Castle Point,E07000069,41007,77,25,2481,216,429,5927,6122,2526,1406,1252,3270,742,2303,2004,2105,3470,4793,1859
Chelmsford,E07000070,89862,497,54,4619,289,582,9214,11799,3986,3367,4165,7845,1438,6840,4535,5614,8824,12309,3885
Colchester,E07000071,92021,564,66,4375,361,603,9239,13173,4055,4019,3615,4521,1540,5558,4685,6052,10230,15491,3874
Epping Forest,E07000072,65798,414,36,2750,224,456,8364,8666,2961,2329,3144,5107,1915,5748,3940,3023,6057,7199,3465
Harlow,E07000073,45982,96,27,3552,176,334,5330,8502,3079,1842,1535,1188,567,1882,2738,1961,3780,7609,1784
Maldon,E07000074,31264,501,36,2438,137,286,4489,4969,1401,1147,964,1658,431,1946,1692,1727,2582,3437,1423
Rochford,E07000075,40660,192,28,2568,161,297,5010,5362,1922,1271,1426,4133,661,2769,2019,2532,3624,4853,1832
Tendring,E07000076,58280,628,50,3241,318,562,7023,9502,3626,2967,1608,1632,905,2484,3063,2865,5397,9716,2693
Uttlesford,E07000077,45738,697,24,3141,139,234,5060,5824,2412,1454,2238,2460,870,4561,2657,2302,4599,4906,2160
Broxbourne,E07000095,48301,123,19,2515,236,374,6114,8437,2966,2029,2020,2217,1085,3033,2755,2390,4574,5123,2291
Dacorum,E07000096,77199,266,64,4199,282,506,7917,11888,3915,3364,5577,2727,1397,6015,4651,3705,7630,9027,4069
Hertsmere,E07000098,52767,111,33,1979,232,243,5201,7204,2205,2058,3344,2660,1740,5081,3071,2135,5679,7007,2784
North Hertfordshire,E07000099,67164,429,26,5765,247,469,5596,9347,2209,2408,4460,2752,1180,6437,3398,3926,6912,8248,3355
Three Rivers,E07000102,46949,87,38,2180,182,295,4936,6041,1865,1654,3504,2277,1057,4252,2591,2396,5089,6083,2422
Watford,E07000103,52855,34,39,2314,246,269,4916,8168,3085,2597,3890,2047,857,3526,3304,2136,4709,8422,2296
Breckland,E07000143,65640,2543,90,7760,298,560,6333,10403,3150,3096,1293,1496,880,3086,3462,4042,4969,9233,2946
Broadland,E07000144,62595,899,261,4269,325,413,6738,9356,2506,2659,1842,3686,1196,3507,2876,3569,5786,9798,2909
Great Yarmouth,E07000145,41135,418,799,3675,388,352,3587,6901,1792,3403,656,690,435,1528,2163,1708,3062,7665,1913
King's Lynn and West Norfolk,E07000146,69219,2301,124,7672,254,618,7403,11430,2705,3753,1267,1506,888,2937,3517,3928,5400,10566,2950
North Norfolk,E07000147,41658,1533,144,2863,178,285,4337,6758,1462,3404,854,916,734,2018,2603,1744,3556,5991,2278
Norwich,E07000148,65723,249,142,3726,178,382,4460,10169,2590,4345,2701,2946,1055,4147,3371,2769,7349,11837,3307
South Norfolk,E07000149,67740,1823,199,5067,324,456,6247,9178,2320,2646,2112,3056,1248,4483,3225,3664,7219,11439,3034
Babergh,E07000200,42953,829,22,3279,258,296,4831,6630,1798,1757,1445,1845,696,2816,2445,2376,4051,5585,1994
Ipswich,E07000202,67029,298,15,3934,807,466,5865,11211,5357,3210,2864,3365,672,2651,3984,3397,5294,11031,2608
Mid Suffolk,E07000203,50032,1706,49,3853,442,393,5554,7217,2538,1721,1765,1634,616,3359,2670,3190,4424,6599,2302
St Albans,E07000240,72871,190,91,3399,293,268,5185,9074,2322,2738,6285,5042,1384,9369,3552,3122,8553,8223,3781
Welwyn Hatfield,E07000241,58150,178,31,3366,203,537,5195,10778,2934,2441,3534,2176,1007,4160,3397,2704,5647,7245,2617
East Hertfordshire,E07000242,76521,468,50,5596,264,420,7710,10437,3633,2919,4157,4302,1519,7060,4426,4132,8074,7762,3592
Stevenage,E07000243,45459,52,11,3373,207,386,4843,7598,2235,1888,2260,1274,495,2273,2491,2803,3663,7679,1928
East Suffolk,E07000244,106364,2001,643,7710,1540,847,9551,16068,7316,5953,3830,2728,1377,5351,5565,5817,9109,15626,5332
West Suffolk,E07000245,89626,1592,52,8222,415,539,8116,12872,3785,3971,2673,1656,1104,5583,4550,7893,7573,13025,6005
City of London,E09000001,5352,0,1,107,2,2,118,309,68,178,589,1063,88,1265,194,220,375,340,433
Barking and Dagenham,E09000002,94582,37,16,2904,227,571,12900,13348,7471,5416,3393,3044,1385,4102,7758,4690,8475,15498,3347
Barnet,E09000003,186179,115,144,5416,572,430,16660,23169,6860,9775,12632,10230,5938,20382,10223,6760,20952,25008,10913
Bexley,E09000004,117978,94,102,4321,586,688,13931,15416,6599,4875,5917,7888,2527,8560,6324,8173,11122,15701,5154
Brent,E09000005,161000,101,100,7395,517,434,17532,25946,9390,10568,9803,6044,3122,11990,11229,5599,12612,20317,8301
Bromley,E09000006,162126,168,145,4254,601,562,14372,16726,5746,6110,11706,15519,3671,16260,8322,9942,17115,21770,9137
Camden,E09000007,102515,73,142,2500,330,141,3557,10171,2913,5197,10522,9289,2231,16479,3993,3936,10381,12548,8112
Croydon,E09000008,189417,106,162,4985,636,640,16324,24826,10053,8672,11197,10915,3807,14574,11877,13025,18720,29657,9241
Ealing,E09000009,175032,82,236,8061,556,484,15681,25366,11940,10160,14096,6811,3496,14405,11722,6440,15969,20143,9384
Enfield,E09000010,143860,100,63,4613,438,600,14009,21780,7614,8390,7062,5561,3355,10915,8885,6966,15512,20635,7362
Greenwich,E09000011,142937,84,124,3587,468,541,11411,16397,6294,7998,9966,11123,2717,13052,9402,8198,13186,20416,7973
Hackney,E09000012,134310,90,63,4031,379,255,5260,14554,3873,6768,13449,6789,2925,21080,7204,5553,15069,16077,10891
Hammersmith and Fulham,E09000013,98086,53,210,2994,449,180,4055,11022,2995,5879,9031,8797,2955,13898,4775,3116,8940,11869,6868
Haringey,E09000014,134385,76,75,3648,308,298,10303,15311,4763,9730,10598,4928,2469,14199,9954,5720,14637,16945,10423
Harrow,E09000015,125043,60,151,4529,400,324,15627,18374,6669,5137,8668,7192,2445,11147,7030,5137,11040,16448,4665
Havering,E09000016,124789,121,67,4677,488,799,16713,15341,7550,4472,5266,10155,2146,8684,6811,7409,12206,16705,5179
Hillingdon,E09000017,142807,125,128,6651,474,763,14047,20721,13119,7008,9963,5289,2096,9027,8965,7023,13674,18171,5563
Hounslow,E09000018,138799,83,224,5222,415,470,11079,19888,14184,9743,12023,4967,2292,9169,10470,5603,11198,15177,6592
Islington,E09000019,114970,65,98,2930,376,245,4402,10868,3507,5579,12937,8739,1938,19933,4942,4952,11266,13402,8791
Kensington and Chelsea,E09000020,69448,98,196,2129,279,103,2297,7482,1804,3479,5660,10747,2491,10611,2960,1668,5084,6703,5657
Kingston upon Thames,E09000021,84145,76,222,2675,395,229,5679,10694,3090,3924,7294,5019,1631,8902,4387,4269,9535,11337,4787
Lambeth,E09000022,182820,83,189,3983,612,320,8899,17876,5809,10146,16161,12290,4034,25135,13750,10605,16026,24293,12609
Lewisham,E09000023,155714,94,92,3482,432,361,9286,16638,5808,8977,12202,8868,2970,16024,9441,8704,16881,23231,12223
Merton,E09000024,112070,50,212,3047,403,323,9377,13827,4669,5665,8314,7647,2319,11686,7097,5169,10466,15393,6406
Newham,E09000025,163442,105,84,4060,396,389,17369,23668,9896,13595,9649,8158,2831,11234,14011,7160,14028,19839,6970
Redbridge,E09000026,141626,73,72,4050,342,317,15238,19334,8494,6955,9390,9157,3483,11397,8396,7397,14332,17900,5299
Richmond upon Thames,E09000027,97565,89,393,3660,622,250,4871,9182,3101,3401,11167,7219,2419,14066,4377,4230,11563,10026,6929
Southwark,E09000028,166950,115,178,3605,614,324,7129,15703,5617,9915,14419,12832,2940,22590,11747,8914,14613,24225,11470
Sutton,E09000029,104222,73,155,3004,395,474,10899,13011,4905,4150,7149,5572,1814,7969,5900,6268,10971,16680,4833
Tower Hamlets,E09000030,155389,90,129,3399,546,216,4906,17590,6298,12001,15545,18312,2732,21102,7234,6517,14077,16447,8248
Waltham Forest,E09000031,140368,77,49,4065,368,491,14850,17360,6571,8304,9506,5384,2559,12705,9471,7322,15087,17492,8707
Wandsworth,E09000032,190441,100,452,4972,932,310,8684,18780,5358,9278,17974,18887,5424,29435,10016,8910,16117,23082,11730
Westminster,E09000033,101743,70,276,2752,486,203,3527,11175,2707,6443,9139,13677,3151,14989,4088,4012,7534,9759,7755
Medway,E06000035,132608,441,80,7782,888,1805,16803,20232,8550,5661,4370,5636,2059,6151,7022,9151,11735,19013,5229
Bracknell Forest,E06000036,66393,205,96,3983,376,498,5659,9899,3301,2759,7114,1795,1110,4368,4427,3681,6312,7706,3104
West Berkshire,E06000037,82306,752,127,5216,579,870,6818,11628,2805,3000,9566,2685,1496,6339,4745,5040,8510,8394,3736
Reading,E06000038,88865,211,153,4028,666,1424,5700,12880,4367,4717,10697,2834,932,7004,5455,3852,8596,12127,3222
Slough,E06000039,73699,117,72,4500,317,610,5568,10593,8966,4216,6291,1882,775,3490,5840,2458,5984,9782,2238
Windsor and Maidenhead,E06000040,76299,267,224,5201,505,514,5249,8999,3883,3295,9040,2833,1479,7412,4450,3355,7928,7529,4136
Wokingham,E06000041,89476,351,213,5361,744,876,6306,11073,3158,2609,13420,3526,1406,8248,4466,4129,10299,9360,3931
Milton Keynes,E06000042,143384,308,80,10045,593,636,9336,27279,10623,6538,10287,7226,1844,8818,8072,6205,14095,15794,5605
Brighton and Hove,E06000043,139288,214,68,4554,855,614,9324,17003,4660,8580,9579,6647,2396,11843,7229,6326,17558,22398,9440
Portsmouth,E06000044,97783,124,41,6655,989,600,9530,13927,4994,6213,3641,1892,1159,3975,5314,8644,9934,16069,4082
Southampton,E06000045,118229,219,155,7693,654,774,10594,18430,8511,6380,4169,3461,1364,6171,6767,5288,11874,21202,4523
Isle of Wight,E06000046,57913,575,64,4309,349,432,5397,8789,2109,4587,1396,753,958,2477,3134,3459,4896,11027,3202
Buckinghamshire,E06000060,273230,1834,344,18806,1016,2296,23745,37081,11789,10159,21512,10569,5264,23582,14902,14443,28204,34234,13450
Eastbourne,E07000061,43827,89,13,1922,103,306,4175,7140,1774,2815,1203,1142,605,2129,2142,2302,4388,9546,2033
Hastings,E07000062,40897,150,12,2163,142,243,4358,6056,1549,2123,1272,1362,675,1985,1892,2464,3707,8412,2332
Lewes,E07000063,44510,460,15,2093,177,355,4281,5711,1838,2040,1937,1750,821,3001,2423,2657,5076,7166,2709
Rother,E07000064,37933,705,25,1717,157,211,4306,5274,1236,1968,1164,1895,671,2403,2175,2094,3522,6392,2018
Wealden,E07000065,74538,1209,43,3876,256,540,8664,10453,2336,3035,3030,3640,1363,5610,4317,3904,6954,11066,4242
Basingstoke and Deane,E07000084,96974,746,127,6649,862,684,8062,14621,4045,3721,9395,4144,1416,6593,5565,6375,7576,12362,4031
East Hampshire,E07000085,61731,766,85,4064,355,409,5779,7983,2116,2138,4005,2284,942,5182,3937,3738,6785,7891,3272
Eastleigh,E07000086,69521,178,77,4554,457,449,7084,10046,3724,2439,3596,2999,1056,4422,3481,4936,7005,9934,3084
Fareham,E07000087,55630,170,58,4265,393,379,5210,7246,2696,1984,2780,1933,753,3355,2923,6549,5461,7088,2387
Gosport,E07000088,38487,39,30,2801,234,331,3777,5517,1825,1884,1245,712,430,1390,2117,5449,3338,5819,1549
Hart,E07000089,50456,202,122,2817,273,349,4268,6219,1931,2047,5339,2293,752,4262,2939,4318,4736,5246,2343
Havant,E07000090,56369,179,31,4686,746,533,7098,8602,2282,2613,2270,1250,762,2501,3179,3950,5023,8250,2414
New Forest,E07000091,78710,880,277,5241,475,552,8115,10984,3464,4412,2890,2567,1432,5419,4304,4118,7164,12222,4194
Rushmoor,E07000092,53019,64,67,2819,210,427,4331,7589,2548,2598,3539,1716,606,2786,4052,5367,4076,8060,2164
Test Valley,E07000093,65861,859,83,5102,285,372,5364,9764,2735,2488,3630,3242,1063,4503,3480,5721,5975,8432,2763
Winchester,E07000094,60575,857,78,3162,315,292,4578,6893,1999,2742,4057,2211,1031,5499,3032,5315,6840,8788,2886
Ashford,E07000105,63614,993,31,4237,470,420,6985,9806,3217,2817,2300,2058,809,3796,3880,3555,5634,10032,2574
Canterbury,E07000106,66166,617,32,3008,272,333,6011,9980,2478,3864,2340,1599,869,3917,3223,3177,10437,10811,3198
Dartford,E07000107,58821,97,52,2704,312,527,7002,8687,3843,2398,2821,3238,1175,3760,3038,3460,5062,8286,2359
Dover,E07000108,50923,608,20,2701,280,393,4981,6693,3932,2617,1119,1086,594,2337,3075,4445,5357,8296,2389
Gravesham,E07000109,49757,213,37,2879,244,464,6803,7974,3510,2123,1683,2038,856,2695,2874,2751,4320,6334,1959
Maidstone,E07000110,86409,1226,46,4761,504,776,10442,13275,4570,3371,3289,3717,1354,5229,4949,6204,7277,11951,3468
Sevenoaks,E07000111,56386,400,81,2389,261,296,6115,7062,2019,2019,2971,5161,1303,5384,3381,2942,5518,6191,2893
Folkestone and Hythe,E07000112,47821,453,26,2011,677,430,5226,6855,2777,2520,1376,1798,605,2324,3144,3480,4463,7400,2256
Swale,E07000113,69200,798,38,5668,385,733,8499,11191,4379,2857,1960,2030,1160,3305,3649,4656,6543,8672,2677
Thanet,E07000114,59184,349,23,3617,339,369,6099,8793,2758,3418,1636,1328,863,2797,3105,3208,6553,10704,3225
Tonbridge and Malling,E07000115,64423,397,57,3277,315,620,7123,9269,2712,2197,2984,4597,1160,4912,3654,3601,6629,7849,3070
Tunbridge Wells,E07000116,55897,568,81,2190,206,259,4611,7648,1665,2175,3197,5046,1093,5488,3277,2129,5781,7730,2753
Cherwell,E07000177,84973,913,87,8674,351,627,6641,14536,4015,3771,4410,1644,1066,5821,4403,4622,8792,10487,4113
Oxford,E07000178,73332,121,31,4112,274,218,3029,6823,2239,3913,4425,837,684,6886,3068,2418,17124,13955,3175
South Oxfordshire,E07000179,76483,853,133,5119,455,784,6317,9464,2437,2944,6076,1993,1353,8642,4008,4708,8454,8961,3782
Vale of White Horse,E07000180,70861,657,146,4769,446,561,5732,8146,1988,2514,5269,1387,956,8120,3202,5378,10062,8243,3285
West Oxfordshire,E07000181,58931,774,84,4665,230,383,5290,7485,1898,2569,3244,1328,981,4552,3011,4996,7096,7086,3259
Elmbridge,E07000207,66982,113,345,2967,407,243,4438,7198,2260,2494,6258,5548,1689,8567,3539,2693,7074,6985,4164
Epsom and Ewell,E07000208,39907,38,111,1304,207,170,3479,4673,1413,1396,2899,2790,785,3944,2108,2206,4359,6009,2016
Guildford,E07000209,69779,265,166,3180,319,336,5367,8237,2217,2979,5574,3285,1199,7084,3695,4734,7974,9244,3924
Mole Valley,E07000210,42339,316,138,1834,233,223,4060,4739,1368,1531,2864,2611,969,4346,2723,2101,4547,5186,2550
Reigate and Banstead,E07000211,75125,159,167,3093,524,486,7055,8434,3504,2778,4702,6078,1427,6225,4282,4018,7249,11472,3472
Runnymede,E07000212,42462,113,135,2271,257,237,3607,5722,2882,1905,3417,1455,747,3020,2536,2014,4423,5219,2502
Spelthorne,E07000213,51538,52,180,2484,363,414,4589,6724,6111,2154,4196,1646,887,3021,3295,2804,4625,5477,2516
Surrey Heath,E07000214,45354,107,143,2573,245,330,3607,6054,2229,1786,4103,1736,763,3565,2653,2718,4102,6407,2233
Tandridge,E07000215,42572,230,56,1689,222,251,4793,4934,1594,1394,2504,3421,959,3825,2521,2451,4561,4951,2216
Waverley,E07000216,60719,363,126,2814,258,275,4745,6819,1611,2184,5116,3334,1137,7148,3722,2905,7450,7092,3620
Woking,E07000217,52739,95,208,2969,285,262,3799,6591,2654,2032,4661,3006,788,5196,3187,2771,4842,6418,2975
Adur,E07000223,29825,71,13,1749,325,281,3406,4493,1388,1158,1219,1414,464,1698,1512,1465,2952,4717,1500
Arun,E07000224,73190,955,31,5920,302,782,7194,12307,3107,4199,2174,1887,1164,3555,4443,3746,5855,11942,3627
Chichester,E07000225,56362,1122,37,3702,147,261,4892,7484,1586,3203,2449,1750,1241,4040,3438,3660,5455,8524,3371
Crawley,E07000226,58901,69,102,3242,496,342,4552,9564,7573,3594,2571,2717,554,2614,4528,2739,3711,7771,2162
Horsham,E07000227,72174,747,110,4463,471,515,6286,9564,3908,2708,4331,3822,1527,5775,4602,3649,7168,8592,3936
Mid Sussex,E07000228,76564,474,104,3727,414,427,6649,9481,3817,2812,4465,5286,1252,5997,4810,3722,7900,11123,4104
Worthing,E07000229,53551,155,19,3469,426,622,4550,7554,2036,2310,2296,2305,889,3078,2704,3189,4715,10443,2791
Bath and North East Somerset,E06000022,89817,634,125,4813,445,928,7375,11331,2599,5221,5045,3171,1601,8037,4171,4568,11563,13571,4619
"Bristol, City of",E06000023,238509,318,147,11895,1813,1573,16939,31726,10734,12120,15186,10420,2944,21255,12186,13041,26738,38634,10840
North Somerset,E06000024,102706,721,189,7213,609,1223,9272,15842,4792,4699,4359,4177,1823,7270,4996,6401,9727,14966,4427
South Gloucestershire,E06000025,147615,782,191,10680,996,1179,14447,22013,7297,5463,7264,7394,2093,9239,7287,11824,13387,20512,5567
Plymouth,E06000026,121022,277,175,9938,710,689,11249,17662,5801,6349,3174,1482,1774,4742,5799,12535,11866,21941,4859
Torbay,E06000027,58937,413,61,3465,200,442,6048,9721,2357,5042,1230,766,1066,2470,2772,2876,5156,12091,2761
Swindon,E06000030,117866,382,119,12247,737,1748,9660,20013,8369,4972,6318,7663,1099,5897,6539,5480,8701,13590,4332
Cornwall,E06000052,254248,7055,1188,16390,1007,2072,27255,40379,8833,21925,5953,2932,4077,12865,12802,14028,23128,39849,12510
Isles of Scilly,E06000053,1112,91,1,40,6,14,92,120,82,203,8,17,26,16,71,76,80,105,64
Wiltshire,E06000054,252345,4405,235,20045,1220,1955,20270,34664,8800,11054,11529,7716,4005,16282,13202,30238,23361,31793,11571
"Bournemouth, Christchurch and Poole",E06000058,186032,380,218,12644,767,1171,16432,28002,7416,11188,7596,12100,3419,9752,9419,7567,16501,32740,8720
Dorset,E06000059,167773,4148,354,12618,593,1580,16532,24022,5099,9737,4939,4304,2952,9271,8444,12932,16042,25727,8479
East Devon,E07000040,66727,1898,63,3374,472,726,6267,10194,2495,4305,2008,1295,1062,4452,3414,4285,6439,10580,3398
Exeter,E07000041,59701,226,35,2427,507,707,4570,8731,2678,3338,2077,1130,795,4279,2731,3565,8109,11136,2660
Mid Devon,E07000042,40277,2247,36,3668,243,413,4026,6494,1643,1641,1008,689,560,2454,1836,2099,3909,5571,1740
North Devon,E07000043,45165,2154,48,4163,171,289,4433,7214,1165,3764,965,529,610,2093,2171,2080,3853,7488,1975
South Hams,E07000044,40580,1395,99,2339,177,211,4061,5631,1247,2669,1220,633,813,2844,2069,2521,4392,6106,2153
Teignbridge,E07000045,62140,1118,209,3531,355,633,6397,9702,2313,3733,1770,1055,1021,3867,2951,3572,6063,10773,3077
Torridge,E07000046,30057,2129,45,2530,92,250,3366,4662,954,1854,565,339,401,1455,1473,1161,2618,4735,1428
West Devon,E07000047,25374,1530,60,1787,90,251,2487,3660,837,1585,690,347,371,1572,1133,1477,2496,3793,1208
Cheltenham,E07000078,59158,153,84,4353,465,291,4072,8042,1454,3268,3384,2554,814,4520,2973,5216,6634,8243,2638
Cotswold,E07000079,44076,1322,98,3154,297,272,3845,6280,1241,2757,2312,1837,900,3937,2678,2102,3986,4436,2622
Forest of Dean,E07000080,39984,1022,59,4115,257,370,4451,5819,1503,1642,1404,1028,561,2086,2040,2720,3465,5611,1831
Gloucester,E07000081,65618,203,74,6025,761,474,5896,10738,3194,3106,2341,2906,747,2654,3149,4169,5279,11661,2241
Stroud,E07000082,59923,860,174,5715,891,520,5653,8204,1733,2485,2883,1846,765,4406,3121,3396,6007,8251,3013
Tewkesbury,E07000083,46525,645,60,4351,374,296,3914,6499,1540,1940,2252,2146,693,2877,2359,3942,4576,6155,1906
Somerset,E06000066,269047,6656,537,24986,2046,2694,26887,43613,10176,13837,7408,4447,3691,14676,13355,15526,25197,40856,12459
Isle of Anglesey,W06000001,29201,977,54,1767,364,425,2805,4143,1242,2004,543,260,358,1007,1208,2900,2823,5113,1208
Gwynedd,W06000002,51810,2000,177,2678,444,665,5009,6914,1509,4419,1212,437,763,1858,2217,4345,5902,8579,2682
Conwy,W06000003,48723,1166,148,2201,346,407,4205,7396,1519,4087,1053,686,795,2137,2218,4122,4622,9272,2343
Denbighshire,W06000004,40849,1091,75,3180,271,309,3745,5893,1458,2305,903,538,595,1645,1714,3094,3623,8662,1748
Flintshire,W06000005,73817,782,163,11555,514,737,6050,11787,3286,3167,1712,2467,752,3348,3530,4948,6390,9831,2798
Wrexham,W06000006,61801,947,73,9791,375,590,4965,8977,2454,2566,1322,1419,571,2256,3091,4139,5316,10546,2403
Ceredigion,W06000008,30130,2313,39,1419,152,228,2582,4424,848,2145,625,319,367,1308,1171,2252,3895,4423,1620
Pembrokeshire,W06000009,52770,2823,340,3093,428,382,5481,7742,1910,4558,827,524,554,2095,2388,4092,4238,8703,2592
Carmarthenshire,W06000010,81953,3483,158,6364,359,730,7474,12435,2983,3710,1566,1362,725,2932,2868,8186,7767,15527,3324
Swansea,W06000011,100617,428,140,6001,443,713,7533,15738,4110,5597,2661,3622,1347,4123,4069,11063,10843,18333,3853
Neath Port Talbot,W06000012,59195,251,260,6579,369,536,5518,8239,2326,2441,1208,1829,832,1990,2333,6848,5114,10448,2074
Bridgend,W06000013,63982,224,110,6783,408,681,5743,9578,2620,2858,1983,1671,787,2472,2640,6222,5690,11072,2440
Vale of Glamorgan,W06000014,59912,387,69,3083,447,415,4548,7768,2265,2774,2271,2642,1026,4020,2498,6339,6415,10091,2854
Cardiff,W06000015,160438,166,74,7142,1357,1311,9206,20302,5597,9248,7765,8092,2385,10891,6951,14941,19185,27952,7873
Rhondda Cynon Taf,W06000016,103394,291,207,10051,825,1095,11728,14265,4282,4331,2538,2890,1221,3464,4293,9811,9859,18339,3904
Caerphilly,W06000018,77441,252,114,10059,623,1242,7296,10959,2986,2931,1842,2648,797,2855,3434,8188,6810,11706,2699
Blaenau Gwent,W06000019,28797,81,47,4859,176,478,2610,4271,1047,993,477,458,398,664,1170,2150,2144,5831,943
Torfaen,W06000020,40651,112,17,4705,298,444,3811,6251,1671,1560,923,1179,858,1446,1614,4285,3330,6659,1488
Monmouthshire,W06000021,42821,1255,47,3374,240,351,3520,6410,1523,1922,1639,1320,713,2897,1901,3551,4017,6289,1852
Newport,W06000022,72796,260,47,6144,539,735,4832,12203,3906,3672,2265,3618,1060,3517,3173,6949,5835,11359,2682
Powys,W06000023,61728,5824,134,5122,307,523,6275,8600,2056,3076,1347,788,595,2835,2525,4607,5193,9116,2805
Merthyr Tydfil,W06000024,25635,72,79,2849,177,415,2744,3749,986,1069,751,443,344,643,1122,2378,2137,4870,807
