LAD2011NM,LAD2011,LAD2021NM,LAD2021
Bournemouth,E06000028,"Bournemouth, Christchurch and Poole",E06000058
Poole,E06000029,"Bournemouth, Christchurch and Poole",E06000058
Aylesbury Vale,E07000004,Buckinghamshire,E06000060
Chiltern,E07000005,Buckinghamshire,E06000060
South Bucks,E07000006,Buckinghamshire,E06000060
Wycombe,E07000007,Buckinghamshire,E06000060
Allerdale,E07000026,Cumberland,E06000063
Barrow-in-Furness,E07000027,Westmorland and Furness,E06000064
Carlisle,E07000028,Cumberland,E06000063
Copeland,E07000029,Cumberland,E06000063
Eden,E07000030,Westmorland and Furness,E06000064
South Lakeland,E07000031,Westmorland and Furness,E06000064
Christchurch,E07000048,"Bournemouth, Christchurch and Poole",E06000058
East Dorset,E07000049,Dorset,E06000059
North Dorset,E07000050,Dorset,E06000059
Purbeck,E07000051,Dorset,E06000059
West Dorset,E07000052,Dorset,E06000059
Weymouth and Portland,E07000053,Dorset,E06000059
Corby,E07000150,North Northamptonshire,E06000061
Daventry,E07000151,West Northamptonshire,E06000062
East Northamptonshire,E07000152,North Northamptonshire,E06000061
Kettering,E07000153,North Northamptonshire,E06000061
Northampton,E07000154,West Northamptonshire,E06000062
South Northamptonshire,E07000155,West Northamptonshire,E06000062
Wellingborough,E07000156,North Northamptonshire,E06000061
Craven,E07000163,North Yorkshire,E06000065
Hambleton,E07000164,North Yorkshire,E06000065
Harrogate,E07000165,North Yorkshire,E06000065
Richmondshire,E07000166,North Yorkshire,E06000065
Ryedale,E07000167,North Yorkshire,E06000065
Scarborough,E07000168,North Yorkshire,E06000065
Selby,E07000169,North Yorkshire,E06000065
Mendip,E07000187,Somerset,E06000066
Sedgemoor,E07000188,Somerset,E06000066
South Somerset,E07000189,Somerset,E06000066
Taunton Deane,E07000190,Somerset,E06000066
West Somerset,E07000191,Somerset,E06000066
Forest Heath,E07000201,West Suffolk,E07000245
St Edmundsbury,E07000204,West Suffolk,E07000245
Suffolk Coastal,E07000205,East Suffolk,E07000244
Waveney,E07000206,East Suffolk,E07000244
Rhondda Cynon Taff,W06000016,Rhondda Cynon Taf,W06000016
