mnemonics,all_usual_residents,white,white_english_welsh_scottish_northern_irish_british,white_irish,white_gypsy_or_irish_traveller,white_other_white,mixed_multiple_ethnic_groups,mixed_multiple_ethnic_groups_white_and_black_caribbean,mixed_multiple_ethnic_groups_white_and_black_african,mixed_multiple_ethnic_groups_white_and_asian,mixed_multiple_ethnic_groups_other_mixed,asian_asian_british,asian_asian_british_indian,asian_asian_british_pakistani,asian_asian_british_bangladeshi,asian_asian_british_chinese,asian_asian_british_other_asian,black_african_caribbean_black_british,black_african_caribbean_black_british_african,black_african_caribbean_black_british_caribbean,black_african_caribbean_black_british_other_black,other_ethnic_group,other_ethnic_group_arab,other_ethnic_group_any_other_ethnic_group,all_categories_occupation,"1._managers,_directors_and_senior_officials",2._professional_occupations,3._associate_professional_and_technical_occupations,4._administrative_and_secretarial_occupations,5._skilled_trades_occupations,"6._caring,_leisure_and_other_service_occupations",7._sales_and_customer_service_occupations,8._process_plant_and_machine_operatives,9._elementary_occupations,very_good_health,good_health,fair_health,bad_health,very_bad_health,all_categories_industry,"a_agriculture,_forestry_and_fishing",b_mining_and_quarrying,c_manufacturing,"d_electricity,_gas,_steam_and_air_conditioning_supply","e_water_supply;_sewerage,_waste_management_and_remediation_activities",f_construction,g_wholesale_and_retail_trade;_repair_of_motor_vehicles_and_motor_cycles,h_transport_and_storage,i_accommodation_and_food_service_activities,j_information_and_communication,k_financial_and_insurance_activities,l_real_estate_activities,"m_professional,_scientific_and_technical_activities",n_administrative_and_support_service_activities,o_public_administration_and_defence;_compulsory_social_security,p_education,q_human_health_and_social_work_activities,"r,_s,_t,_u_other"
E06000001,92028,89899,88924,193,40,742,550,180,54,173,143,1304,266,291,214,229,304,170,129,36,5,105,57,48,37767,3035,4921,3958,3853,5126,4359,3880,3879,4756,39816,30117,14607,5789,1699,37767,139,267,4410,666,539,3764,5657,1575,1938,645,789,588,1511,1603,2552,3641,5829,1654
E06000002,138412,122055,119106,574,85,2290,2362,541,452,904,465,10768,1477,6811,244,904,1332,1731,1470,92,169,1496,950,546,54547,3884,7247,5177,5541,6437,6646,6077,5483,8055,62855,45295,19719,8001,2542,54547,82,387,4430,490,380,4620,9124,3002,3705,1266,1358,702,2253,2628,3197,5362,9116,2445
E06000003,135177,133203,131928,415,85,775,853,298,107,273,175,869,91,295,94,155,234,122,80,34,8,130,37,93,56354,4370,7420,6076,6087,7702,6834,5317,5369,7179,57285,45844,21449,8184,2415,56354,285,1126,5815,693,444,4976,8830,2651,3027,963,1103,898,2635,2441,3624,5545,8787,2511
E06000004,191610,181299,178965,536,143,1655,1997,419,316,823,439,6632,1488,3072,132,866,1074,1133,936,84,113,549,236,313,87122,7894,13885,10330,9887,10139,8523,9129,7280,10055,88811,64282,26385,9296,2836,87122,221,617,8672,1085,651,7200,14458,4022,4379,2086,2713,1125,4854,3900,5958,8721,12928,3532
E06000005,105564,101595,98898,328,350,2019,1146,463,97,350,236,2205,726,145,523,349,462,357,206,105,46,261,112,149,49014,4639,7447,5741,5886,5808,4832,5461,3562,5638,47046,37199,15116,4763,1440,49014,303,117,4900,185,295,3743,8107,2525,2698,2165,1880,500,2225,2086,3808,4211,7259,2007
E06000006,125746,123041,121210,654,41,1136,1356,465,253,330,308,943,282,44,60,308,249,260,95,134,31,146,54,92,57577,4705,6864,6354,6818,6127,5466,7090,6235,7918,58684,39693,17504,7732,2133,57577,88,94,7218,469,918,4255,10757,3985,2670,2237,1359,672,2589,3065,3723,4413,6881,2184
E06000007,202228,193992,187968,1357,66,4601,2144,654,357,663,470,4911,1803,1179,152,849,928,694,389,214,91,487,237,250,100856,11178,18256,13081,11716,9610,8628,9885,6872,11630,100734,66223,24446,8466,2359,100856,248,85,8815,918,1856,7262,17648,6163,4744,5124,3332,1215,6825,5235,5691,8663,12627,4405
E06000008,147489,102009,98144,794,161,2910,1823,315,162,989,357,41494,19791,17801,1525,721,1656,933,614,202,117,1230,585,645,60523,5670,8482,5718,6702,7176,6823,5992,6791,7169,66991,49010,20725,8428,2335,60523,139,26,9741,194,417,3871,10759,2692,2961,1721,1179,755,2491,2754,3385,6195,8936,2307
E06000009,142065,137339,133042,1029,237,3031,1753,690,264,448,351,2282,627,223,231,514,687,346,183,111,52,345,170,175,61419,6832,6330,5546,8351,7184,7537,6200,4848,8591,56600,48022,23977,10346,3120,61419,73,42,4895,242,315,4434,9967,2929,7438,1266,1706,634,1950,2796,5750,4089,9171,3722
E06000010,256406,241321,229920,550,284,10567,3454,871,821,945,817,6471,1086,882,755,2124,1624,2996,2472,236,288,2164,1134,1030,110903,7306,11612,10389,11021,15530,11576,12620,12531,18318,110555,89572,38102,14047,4130,110903,426,231,16851,879,707,9306,20353,5900,6959,2007,1148,1019,3540,6394,6328,9240,14899,4716
E06000011,334179,327789,321309,908,227,5345,2301,683,367,785,466,2961,1081,396,69,660,755,598,355,175,68,530,289,241,158757,19073,25851,18198,17718,21761,15246,12083,11767,17060,151003,116859,48307,13877,4133,158757,4582,500,17707,1448,912,13219,25124,7417,8252,3464,3113,1781,7920,5579,12241,16998,21525,6975
E06000012,159616,155421,152240,414,26,2741,1186,381,161,369,275,2129,513,195,268,605,548,411,306,71,34,469,265,204,70776,5839,7346,6830,7205,9163,7347,6659,10521,9866,70242,55935,23779,7507,2153,70776,362,240,11045,519,387,5848,13435,5532,3808,748,942,669,2430,3044,3431,6243,9309,2784
E06000013,167446,160748,154526,727,90,5405,1244,341,166,451,286,4549,1122,862,1443,530,592,494,365,64,65,411,173,238,78101,7654,9522,7504,7681,10703,7461,6081,10047,11448,73234,59883,24667,7593,2069,78101,1198,276,15166,553,614,6201,13119,5086,3906,975,1418,741,2611,3090,3876,6577,9857,2837
E06000014,198051,186731,178613,1103,269,6746,2413,529,305,873,706,6740,1531,417,370,2449,1973,1194,903,205,86,973,498,475,98721,10375,19864,11950,10260,9902,8993,10228,5587,11562,98402,67709,23752,6369,1819,98721,498,64,6571,310,467,6750,16026,4619,7805,3170,4730,1075,6164,4136,6089,12027,13113,5107
E06000015,248752,199751,187386,2319,295,9751,7232,3916,533,1772,1011,31095,10907,14620,658,1292,3618,7320,3156,3405,759,3354,861,2493,112422,9700,18421,12570,11887,12221,11246,10570,10860,14947,111837,87060,35193,11413,3249,112422,191,104,17788,725,1042,7190,18075,6550,6715,3018,2568,1335,5287,5205,4832,10795,16376,4626
E06000016,329839,166636,148629,2524,417,15066,11580,4691,1161,3388,2340,122470,93335,8067,3642,4245,13181,20585,12480,4790,3315,8568,3311,5257,137494,9556,19628,12808,13883,12636,13388,14859,17406,23330,148108,117551,44278,14972,4930,137494,162,101,20584,2024,676,7082,26042,7502,8258,3064,4000,1369,5043,7479,6289,13919,18488,5412
E06000017,37369,36301,35241,217,58,785,389,123,23,141,102,365,113,38,7,125,82,251,116,107,28,63,5,58,18037,2752,3203,2857,1552,2214,1459,1078,1092,1830,18828,12718,4532,1008,283,18037,413,18,2003,45,131,1158,2812,538,949,518,387,216,1198,693,2177,2386,1585,810
E06000018,305680,218698,199990,2819,326,15563,20265,12166,2004,3304,2791,40039,9901,16771,1049,5988,6330,22185,9877,9382,2926,4493,2372,2121,123218,9055,19437,13232,11942,11831,12616,13540,10765,20800,141038,103332,41581,15063,4666,123218,197,90,10266,1619,720,7602,21831,6591,9725,4110,2801,1786,5646,7392,5636,13033,18098,6075
E06000019,183477,180169,171922,709,363,7175,1270,407,146,415,302,1439,490,80,32,277,560,331,160,103,68,268,105,163,90237,10441,13066,9286,8783,14578,8910,6633,7668,10872,83874,64494,25517,7441,2151,90237,4893,124,11373,253,636,7865,15054,2781,4734,1935,1565,1446,4559,3995,4899,8323,11624,4178
E06000020,166641,154415,149096,729,166,4424,2983,1423,278,799,483,6991,3076,2243,162,647,863,1779,1023,607,149,473,86,387,78372,7471,10919,8841,9051,9288,7307,6775,8431,10289,76439,57198,22609,8023,2372,78372,713,82,13240,408,823,4970,13099,3109,3768,3368,2091,977,2767,3568,6444,7292,8535,3118
E06000021,249008,220712,215222,636,183,4671,4491,1892,559,1347,693,18442,2329,10429,1097,1224,3363,3741,2536,834,371,1622,408,1214,108109,8030,11322,9674,10705,15525,11934,11796,11843,17280,104510,86311,38179,15356,4652,108109,140,173,14704,1020,696,8619,21274,7059,5852,2238,2890,1087,3164,5262,4282,8300,15734,5615
E06000022,176016,166473,158640,1146,58,6629,2898,951,292,954,701,4577,1116,170,219,1912,1160,1326,499,672,155,742,375,367,84858,9698,18637,10587,9295,9473,7249,6850,4380,8689,88882,58849,20856,5831,1598,84858,558,112,6024,334,792,6210,12476,2684,5620,4399,2868,1270,6627,3315,5555,10783,10928,4303
E06000023,428234,359592,333432,3851,359,21950,15438,7389,1533,3402,3114,23655,6547,6863,2104,3886,4255,25734,12085,6727,6922,3815,1272,2543,209995,18103,47493,28688,23299,20104,17934,18315,12107,23952,209024,143283,52446,18056,5425,209995,208,142,13609,808,1409,13864,30464,9077,12308,11087,12658,2691,17623,10993,11427,22801,29324,9502
E06000024,202566,197076,190553,1113,176,5234,2033,681,256,698,398,2436,817,111,299,619,590,632,383,188,61,389,127,262,97563,11897,16808,12908,11305,11026,9592,8534,6114,9379,93803,70435,27670,8276,2382,97563,890,164,7998,432,1049,7585,16703,4686,4857,3585,5085,1562,6443,4340,6126,8663,12883,4512
E06000025,262767,249574,241611,1223,271,6469,3667,1516,396,1016,739,6440,2699,698,238,1312,1493,2218,987,980,251,868,366,502,136531,14169,23682,16740,19070,16781,11637,12497,8650,13305,129141,91675,30940,8556,2455,136531,759,225,13336,912,983,11797,22296,6642,5591,5819,8753,1632,7876,5972,10383,11461,16784,5310
E06000026,256384,246509,238263,1105,153,6988,3287,904,523,1028,832,3906,875,202,359,1251,1219,1678,1106,343,229,1004,399,605,117466,9508,16170,14638,13201,15317,12914,12497,8647,14574,117976,85956,35756,13012,3684,117466,222,188,11493,877,642,8733,18796,6354,7066,2756,2342,1604,4561,4947,12772,11951,16819,5343
E06000027,130959,127699,124162,657,37,2843,1420,440,195,443,342,1353,403,79,99,261,511,251,140,73,38,236,100,136,56912,6758,7004,5799,5814,8077,7282,5379,3721,7078,54614,45098,21355,7625,2267,56912,331,61,3764,261,405,5116,10135,2216,5837,964,1133,954,2390,2257,3034,5024,9874,3156
E06000030,209156,187898,177028,1852,180,8838,4226,1506,568,1163,989,13365,6901,1292,936,954,3282,2861,1718,807,336,806,188,618,109499,10444,17031,13782,13094,11704,8890,10481,9633,14440,100931,73591,25056,7556,2022,109499,272,79,12360,961,1250,8117,19787,7119,5344,5357,8231,1029,5848,6379,5001,8007,9872,4486
E06000031,183631,151544,130232,1257,560,19495,4948,1542,827,1384,1195,21492,4636,12078,229,872,3677,4164,2480,1174,510,1483,428,1055,88044,7855,11643,10002,9870,8947,8122,8153,9173,14279,81275,68493,24362,7425,2076,88044,727,47,10400,238,667,5257,16112,5482,4252,3227,4432,1086,3887,6553,5541,7056,9551,3529
E06000032,203201,111079,90530,6126,198,14225,8281,3831,915,1805,1730,60952,10625,29353,13606,1497,5871,19909,9169,8177,2563,2980,1646,1334,89201,7104,12054,8746,10129,9926,9092,8124,9433,14593,94607,73300,25277,7571,2446,89201,98,14,8241,193,511,7231,15850,8987,5477,2933,2348,1297,4194,5625,3895,8915,9608,3784
E06000033,173658,159023,151136,1496,162,6229,3651,1039,741,977,894,6440,1810,1059,933,1084,1554,3647,2728,524,395,897,297,600,81339,8686,13056,10779,11828,9143,7767,6781,5160,8139,78341,60929,24420,7778,2190,81339,130,26,5542,203,499,6558,11469,3957,3860,2590,9046,1321,4695,3925,4777,8157,10391,4193
E06000034,157705,135429,127587,1108,308,6426,3099,1056,670,683,690,5927,2234,534,682,828,1649,12323,9742,1336,1245,927,254,673,77420,7245,8731,8486,11476,9645,6392,7731,7988,9726,76012,54788,19389,5888,1628,77420,136,63,5677,506,922,7507,15458,7686,3256,2189,4873,999,3676,4077,3825,6122,7516,2932
E06000035,263925,236579,225654,1946,510,8469,5176,1730,735,1546,1165,13615,7132,1516,1304,1065,2598,6663,4742,1428,493,1892,517,1375,126689,11924,16404,15265,16223,16564,12171,11670,10870,15598,120662,95679,34307,10388,2889,126689,446,83,9603,966,1523,13857,22022,7672,5639,3398,6336,1591,5988,6408,9688,11215,14754,5500
E06000036,113205,102554,96080,984,118,5372,2303,656,297,808,542,5664,1989,518,134,556,2467,2189,1586,402,201,495,201,294,61914,8081,11578,9382,7540,6545,5792,4618,2784,5594,59320,38814,11394,2859,818,61914,135,107,4184,332,356,4477,10044,3537,2920,6180,1770,816,4611,3791,3809,5402,6152,3291
E06000037,153822,145854,139044,1284,164,5362,2420,776,262,831,551,3808,1675,473,225,659,776,1376,701,514,161,364,139,225,81679,10688,16533,11596,9536,9129,7166,5953,4198,6880,79432,53069,16456,3818,1047,81679,762,136,6414,557,754,6317,12911,3012,3607,8668,2878,1286,6774,4107,4641,7889,6794,4172
E06000038,155698,116387,101725,2269,90,12303,6180,2718,802,1428,1232,21161,6514,6967,695,1603,5382,10470,6087,3279,1104,1500,680,820,79852,7155,19571,10793,8018,7162,6814,7225,4042,9072,78169,54913,16770,4590,1256,79852,109,260,3949,466,890,4955,12396,3644,4719,8887,3290,821,7243,4586,3714,7763,8708,3452
E06000039,140205,64053,48401,1607,220,13825,4758,1667,607,1429,1055,55697,21922,24869,549,797,7560,12115,7548,3096,1471,3582,928,2654,67300,5512,10511,7390,7430,6663,6268,6322,6721,10483,67156,50464,16288,4906,1391,67300,101,52,5437,358,469,4082,11088,8469,4667,4747,1751,556,3336,5393,2434,4774,6909,2677
E06000040,144560,124505,112081,2055,219,10150,3315,679,358,1399,879,13848,5860,4238,393,1071,2286,1725,1039,473,213,1167,379,788,73951,12111,16413,13022,7920,6356,5583,4367,2874,5305,78802,46571,14234,3872,1081,73951,229,209,5524,499,446,4166,10216,4491,3796,7874,2482,1300,7667,4070,3606,7281,5688,4407
E06000041,154380,136525,129119,1367,291,5748,3182,890,337,1273,682,11438,5331,2865,222,1203,1817,2093,1203,712,178,1142,500,642,81377,11531,20883,13298,9495,6765,6132,5431,2864,4978,83759,51808,14566,3310,937,81377,264,249,5348,638,559,5387,11852,3044,2615,10267,3491,1050,8061,3766,4197,9351,7170,4068
E06000042,248821,199094,183934,2498,72,12590,8235,2243,1597,2228,2167,22782,8106,3851,1989,2722,6114,17131,13058,2524,1549,1579,565,1014,127783,13871,23219,17189,16037,11298,10035,11910,8484,15740,124826,86778,26929,7955,2333,127783,276,74,10225,272,611,7339,26365,8348,5762,8212,6704,1523,8459,6933,5742,13401,11945,5592
E06000043,273369,243512,220018,3772,198,19524,10408,2182,2019,3351,2856,11278,2996,649,1367,2999,3267,4188,2893,879,416,3983,2184,1799,139823,16294,31769,23382,13470,12068,12925,12910,5046,11959,134673,91970,32298,11151,3277,139823,151,64,5237,1152,651,8594,19167,5860,9143,8583,9367,2490,10788,7018,6213,17332,18779,9234
E06000044,205056,181182,172313,1071,85,7713,5467,1103,935,2381,1048,12474,2911,539,3649,2611,2764,3777,2958,540,279,2156,1078,1078,96619,8915,15310,12311,10331,11164,9268,10124,6642,12554,97795,71443,25464,7995,2359,96619,127,41,8426,1303,656,8065,14303,4664,6629,3541,2614,1145,3887,5547,9324,9763,12147,4437
E06000045,236882,203528,183980,1746,341,17461,5678,1678,941,1796,1263,19892,6742,3019,1401,3449,5281,5067,3508,1132,427,2717,1312,1405,112608,8705,19206,12661,11778,12826,10940,11547,9521,15424,112653,82880,29278,9223,2848,112608,240,84,9556,735,739,8900,19642,7505,7242,3370,4702,1303,6375,5846,4677,11639,15091,4962
E06000046,138265,134545,131099,747,94,2605,1709,507,123,738,341,1514,435,80,131,219,649,303,141,115,47,194,52,142,59299,6769,8644,6347,5712,9102,7183,5151,3467,6924,56420,50514,22378,6921,2032,59299,735,70,5335,227,351,5034,9379,2380,5393,1090,888,927,2568,2266,4047,5831,9277,3501
E06000047,513242,503769,495664,1229,467,6409,3094,969,321,1093,711,4856,1368,463,241,1598,1186,701,447,158,96,822,459,363,227894,20169,33042,24335,25774,28753,23446,21042,23243,28090,217373,171564,82404,32568,9333,227894,2124,922,29983,2417,2197,18824,33261,10272,12257,4564,5063,2699,8789,9165,19738,23836,31923,9860
E06000049,370127,357940,346264,2241,313,9122,3873,1341,461,1293,778,6060,2147,856,504,1125,1428,1402,664,511,227,852,338,514,181136,24551,35525,23592,18819,18711,16059,13650,11849,18380,181595,123065,47306,14247,3914,181136,2611,364,22226,711,1125,10925,29530,9329,9152,7359,7579,2799,14487,8691,6629,16972,22343,8304
E06000050,329608,321025,312013,2337,213,6462,3050,889,411,1059,691,4097,1242,336,576,935,1008,908,586,196,126,528,199,329,160138,18672,29045,19767,16853,17003,14320,14739,11906,17833,159777,108967,42604,14259,4001,160138,1978,459,18485,845,1475,10220,27313,6779,9483,4993,7914,2127,11390,7504,7860,15373,18915,7025
E06000051,306129,299874,292047,1410,312,6105,2168,765,231,669,503,3089,752,216,208,1020,893,580,302,164,114,418,179,239,150748,17708,23906,16971,15010,22984,15180,10837,11171,16981,142309,106909,41475,11979,3457,150748,5807,245,15942,547,1419,12527,24248,5864,8283,4021,2946,2027,7832,5932,10279,15144,20642,7043
E06000052,532273,522848,509628,2046,635,10539,4400,1248,490,1553,1109,3434,837,107,280,1004,1206,762,292,368,102,829,189,640,244527,27985,33767,25455,23320,41511,25798,20094,17369,29228,240759,178805,79181,25907,7621,244527,7351,1598,19279,868,1862,21957,41126,9146,22376,4244,3728,3462,11558,10635,15518,23774,33071,12974
E06000053,2203,2177,2087,10,0,80,18,3,3,9,3,2,0,0,0,0,2,2,1,1,0,4,0,4,1311,261,121,118,110,258,143,56,71,173,1135,754,248,53,13,1311,75,5,40,6,11,95,134,131,313,7,13,28,22,78,78,107,105,63
E06000054,470981,454971,439725,2381,757,12108,5568,1968,656,1667,1277,6178,1547,215,595,1210,2611,3228,1418,1151,659,1036,288,748,239216,29672,39957,34876,26074,29613,21914,17595,15323,24192,234318,160362,57221,14974,4106,239216,4105,245,21693,951,1685,17274,35563,8512,12266,10236,7601,3401,16091,10678,29723,22352,25598,11242
E06000055,157479,126846,112588,1683,115,12460,5386,2396,587,1366,1037,17932,8122,3270,3225,905,2410,6202,2741,2843,618,1113,331,782,75810,8273,13687,9331,8489,8362,7054,6005,5243,9366,73860,56663,19812,5596,1548,75810,554,38,6440,516,609,5721,12949,4293,3412,2951,2080,997,5017,3729,4899,8827,9398,3380
E06000056,254381,238722,228053,3149,478,7042,4789,1787,522,1474,1006,6402,2533,442,214,1404,1809,3614,2054,1230,330,854,357,497,132061,16698,22151,18600,16229,16582,11493,9392,9004,11912,125019,90360,29202,7672,2128,132061,883,101,13253,367,872,12766,22555,7075,5088,6015,4366,2032,8863,6161,8293,13821,12666,6884
E06000057,316028,311066,307097,833,156,2980,1692,515,230,624,323,2658,939,351,295,452,621,338,193,114,31,274,73,201,146901,15459,22807,16827,16891,19038,15579,12688,11390,16222,138990,108458,48580,15641,4359,146901,3739,770,13569,858,1060,11629,21477,6210,8794,3657,3480,2164,7616,5642,13421,13081,22591,7143
E06000058,378888,356911,334864,2410,480,19157,6612,1644,916,2271,1781,10837,3135,314,834,2717,3837,2367,1587,526,254,2161,835,1326,181196,20768,29809,22315,20457,22297,17908,17633,10801,19208,173847,131862,52396,16058,4725,181196,360,191,15825,503,1111,14501,30778,7529,12180,6058,13591,3342,9302,7880,8037,15835,24741,9432
E06000059,365153,357726,348936,1676,507,6607,2895,842,362,1017,674,3338,640,146,481,764,1307,841,468,268,105,353,101,252,170602,20731,26624,20784,18098,25996,17170,12555,10465,18179,164150,131050,51990,14040,3923,170602,4217,393,15848,525,1316,15097,26079,5688,10732,4118,4605,2883,9181,7001,14855,17145,21634,9285
E06000060,505283,436670,409793,5377,614,20886,12360,4573,1098,4125,2564,43269,11368,21236,1089,2554,7022,10490,4032,5175,1283,2494,853,1641,254976,38886,50993,38457,29002,26717,21173,17638,12607,19503,262901,170886,53987,13607,3902,254976,1833,364,20495,752,2046,18928,40830,11456,10860,17742,9906,4191,23558,12708,13769,25734,26393,13411
E06000061,316851,295889,277831,2693,313,15052,5359,2245,684,1304,1126,9364,5793,523,790,841,1417,5325,2715,1956,654,914,266,648,157386,16875,20974,17314,17157,19392,14505,12366,16624,22179,144745,114594,41916,12092,3504,157386,1039,80,23988,535,1245,12205,31843,10186,5903,4295,4122,1630,7488,7736,7270,14189,17341,6291
E06000062,375101,336933,314924,4011,214,17784,8823,3819,1241,1947,1816,16063,6471,1789,3474,2005,2324,11598,6837,3298,1463,1684,579,1105,192068,22933,30345,23793,23601,21238,17106,14496,13834,24722,179280,134488,45306,12478,3549,192068,1674,85,20051,978,1199,14286,34991,12751,8672,6870,9257,2082,11134,9781,9222,17904,21951,9180
E06000063,274549,270356,264953,836,225,4342,1300,403,167,450,280,2354,491,222,341,624,676,304,202,60,42,235,66,169,132841,12451,17480,12891,13337,20343,12897,11704,14778,16960,122809,94729,39756,13486,3769,132841,3623,290,19257,2057,2201,11802,21024,6352,9644,1949,1816,1548,5641,5070,8069,10389,16419,5690
E06000064,225309,221901,217171,716,90,3924,1204,348,147,431,278,1712,401,94,145,529,543,275,171,81,23,217,87,130,110390,12484,16582,10713,10383,18951,10809,9181,8024,13263,102209,78060,32210,10118,2712,110390,3836,499,13021,828,744,9527,18104,4243,11213,1832,1753,1283,5025,3972,5409,10488,13198,5415
E06000065,598376,582475,565055,2381,588,14451,5043,1315,662,1821,1245,7356,1631,894,275,1733,2823,2424,1428,372,624,1078,357,721,299201,38816,47407,39274,30046,42547,27090,21484,19813,32724,285526,206349,78814,21734,5953,299201,10637,1093,26512,1666,1782,23327,46638,10693,21961,6798,8817,3848,18132,11832,24987,27758,37001,15719
E06000066,529972,519255,501558,2257,733,14707,4241,1200,650,1407,984,4873,1069,203,442,1247,1912,1013,607,291,115,590,175,415,256755,28124,37894,27908,26186,38505,27439,20712,20333,29654,241500,187101,74426,21227,5718,256755,6420,646,29124,1681,2213,21362,45068,9446,15281,6227,4758,3127,13495,10538,16472,25159,33483,12255
E07000008,123867,102205,81742,1767,109,18587,3944,728,470,1501,1245,13618,3413,742,1849,4454,3160,2097,1300,598,199,2003,908,1095,59437,5105,22615,6696,4608,3929,4322,3867,2049,6246,67743,39600,12021,3533,970,59437,115,34,2848,89,206,2127,6280,1431,3748,4661,961,551,8581,2303,1627,13596,7306,2973
E07000009,83818,80673,75218,527,239,4689,1182,230,185,370,397,1215,316,103,80,290,426,506,288,95,123,242,66,176,43919,5462,8086,5175,4903,5721,4398,2977,3311,3886,40874,29487,10131,2614,712,43919,1465,33,4609,117,386,4055,6478,1956,1487,1945,939,581,3848,1675,1862,4957,4681,2845
E07000010,95262,92631,86151,390,467,5623,901,293,104,264,240,1075,372,65,65,215,358,497,216,186,95,158,11,147,44514,4098,4195,4342,4507,6318,4723,3421,6421,6489,37577,36042,15760,4590,1293,44514,1466,29,6941,133,409,4318,7662,2552,1518,853,976,518,1830,2745,2804,3274,4797,1689
E07000011,169508,160691,151694,1130,208,7659,2530,707,356,769,698,4190,1119,998,351,575,1147,1642,862,427,353,455,132,323,88991,11009,14993,12421,10753,10245,7878,6505,6714,8473,82675,60470,19682,5239,1442,88991,1027,83,10891,270,905,6789,13947,3493,3792,3864,2518,1339,6306,4143,7087,7876,10006,4655
E07000012,148755,138787,129812,1094,485,7396,2524,552,270,991,711,5540,2210,465,217,1189,1459,1268,760,341,167,636,253,383,79139,9819,21202,10352,8507,8286,6510,4660,3652,6151,78041,50147,15792,3739,1036,79139,979,67,6888,130,484,5309,10223,2280,2912,5042,1789,1112,9539,3169,3749,12093,9789,3585
E07000032,122309,120023,117988,428,44,1563,980,438,93,282,167,929,416,80,11,201,221,253,120,106,27,124,27,97,59381,6419,8767,6534,6370,8167,5339,4376,6516,6893,53826,42795,18336,5810,1542,59381,395,129,11234,391,478,5468,9475,2765,2571,1314,961,716,2862,2274,3088,5590,7079,2591
E07000033,75866,74452,73058,199,66,1129,518,248,63,136,71,612,207,56,6,166,177,267,175,51,41,17,2,15,34511,3310,3759,3324,3549,4609,3794,2825,3933,5408,30934,25423,12965,5152,1392,34511,224,294,5251,185,360,3042,6680,1943,1690,641,592,317,1142,1468,1730,2634,4846,1472
E07000034,103788,100172,98456,386,5,1325,1094,532,97,287,178,1592,487,334,141,367,263,782,433,271,78,148,60,88,47901,4381,6948,5135,5462,5743,5335,4553,4348,5996,43274,35622,16984,6204,1704,47901,112,173,5465,212,359,3674,8693,2680,2451,1511,994,462,2071,2014,2639,4443,7810,2138
E07000035,71116,70117,68835,321,15,946,466,130,58,173,105,398,97,84,4,95,118,87,33,36,18,48,10,38,35005,4903,6705,3542,3354,5284,2843,2024,2575,3775,33487,24683,9718,2475,753,35005,1224,397,3957,117,358,2966,4830,1384,2591,904,553,555,2272,1270,1790,3892,3971,1974
E07000036,112081,108765,106673,574,29,1489,1269,734,72,276,187,1383,778,89,21,266,229,536,125,337,74,128,34,94,54851,5493,7470,6218,6309,7537,4898,4942,5396,6588,49349,39666,16762,4874,1430,54851,152,63,8968,526,406,4761,9778,3331,2523,1481,1185,654,2647,2233,2662,5237,6102,2142
E07000037,90892,88954,87131,596,10,1217,944,348,113,284,199,711,148,78,10,228,247,184,87,82,15,99,33,66,45618,5177,8123,5330,4607,5744,4578,3206,4094,4759,43185,30980,12011,3696,1020,45618,436,466,6084,198,261,3478,6558,2148,2423,1241,1342,595,2961,1784,2195,5273,6027,2148
E07000038,99023,97084,95968,264,70,782,786,315,103,250,118,795,350,79,32,187,147,236,156,65,15,122,40,82,46858,5178,6719,5128,5760,6364,4535,3914,4182,5078,42535,33926,15734,5319,1509,46858,429,163,6262,194,393,4513,8115,2053,2148,1178,1308,662,2322,1789,2596,4393,6224,2116
E07000039,94611,90527,88925,386,72,1144,1062,428,79,365,190,2375,1649,179,4,217,326,425,174,205,46,222,45,177,47886,5804,7715,5671,5218,5955,4224,3422,4677,5200,45075,32550,12348,3647,991,47886,570,162,8204,366,390,3748,7752,3012,2101,1230,915,459,2645,2010,1883,4572,5791,2076
E07000040,132457,130347,127442,593,90,2222,904,238,89,358,219,930,220,6,71,210,423,146,68,61,17,130,35,95,59908,7280,9181,7317,6136,9190,6415,4822,3176,6391,58004,47716,19960,5285,1492,59908,1836,73,3799,508,514,5107,9766,2362,4342,1470,1410,876,3712,2527,4523,5613,8228,3242
E07000041,117773,109590,104013,629,93,4855,1938,403,278,773,484,4595,946,164,227,1998,1260,667,492,128,47,983,659,324,57139,4777,10975,6645,6483,5828,5559,6367,3357,7148,58775,39301,14075,4331,1291,57139,189,48,2761,844,625,3961,9590,2725,4031,1699,1434,859,3772,2488,3783,6847,8671,2812
E07000042,77750,76696,74554,278,88,1776,484,132,69,169,114,428,116,7,18,167,120,94,64,17,13,48,4,44,38508,4245,5685,3906,3912,6574,3751,3049,3115,4271,36263,27554,10398,2785,750,38508,2338,48,3957,269,320,3451,6445,1814,1631,772,740,520,2365,1492,2012,3768,4748,1818
E07000043,93667,91742,89832,316,45,1549,785,294,75,287,129,835,215,67,78,152,323,158,63,70,25,147,61,86,44754,5219,5886,4559,4019,7773,4533,3747,3295,5723,43441,31704,13264,4064,1194,44754,1939,50,4863,160,316,3813,7669,1290,4375,644,623,585,1935,1983,2510,4032,5850,2117
E07000044,83140,81784,79681,371,45,1687,653,161,75,264,153,458,115,12,64,102,165,121,73,36,12,124,70,54,39999,5559,7530,4858,3713,6396,3665,2659,1875,3744,39414,28574,11075,3156,921,39999,1395,117,2904,155,214,3469,5876,1310,3051,1028,679,754,2582,1698,2734,4587,5317,2129
E07000045,124220,122163,119480,499,118,2066,925,255,92,323,255,893,165,17,78,347,286,117,48,52,17,122,26,96,58962,7177,9643,6666,6063,8364,6334,5000,3756,5959,55819,43342,18237,5268,1554,58962,1017,275,3987,368,506,5379,10246,2303,3930,1351,1265,966,3624,2463,3624,5860,8802,2996
E07000046,63839,63021,61985,211,54,771,429,141,53,125,110,271,39,3,17,126,86,51,11,34,6,67,31,36,29402,3047,3353,2410,2614,6360,3468,2256,2343,3551,27787,22242,9843,3128,839,29402,2190,43,3363,88,198,2927,4896,1042,1924,418,396,381,1390,1109,1126,2630,3912,1369
E07000047,53553,52730,51603,233,21,873,402,126,56,130,90,300,57,4,17,93,129,59,26,23,10,62,27,35,25241,3043,4337,2640,2329,4375,2515,1629,1637,2736,24556,18599,7646,2120,632,25241,1462,68,2102,99,227,2053,3684,938,1979,577,406,380,1432,925,1557,2649,3463,1240
E07000061,99412,93508,86903,978,66,5561,1791,434,302,572,483,2795,671,107,287,621,1109,783,517,159,107,535,229,306,44449,4455,7365,5163,4607,5364,5486,4412,2497,5100,42818,35193,15251,4712,1438,44449,88,12,2390,140,291,3640,8153,1929,3245,951,1451,652,2005,1934,2216,4793,8197,2362
E07000062,90254,84631,80624,702,150,3155,1948,595,277,585,491,2126,487,78,276,366,919,1065,639,303,123,484,161,323,40671,3954,5682,4520,4891,5406,5388,3703,2785,4342,36556,32707,14276,5159,1556,40671,142,27,2828,135,258,3978,6747,1694,2273,972,1345,563,1852,1626,2830,3834,7497,2070
E07000063,97502,94159,90218,757,97,3087,1275,325,155,460,335,1400,360,64,153,316,507,416,248,123,45,252,97,155,45532,5294,8202,6162,4843,5863,4975,3446,2630,4117,43719,34634,13900,4066,1183,45532,386,20,2771,151,444,3947,6657,2203,2267,1577,2111,748,2957,2048,2799,5359,6267,2820
E07000064,90588,87951,85279,596,134,1942,1031,267,107,405,252,1103,276,16,109,217,485,305,181,76,48,198,72,126,37583,4945,6069,4372,4294,5751,4278,2592,1934,3348,36737,33152,14960,4463,1276,37583,670,29,2135,162,266,3798,5595,1422,2123,1054,1743,637,2499,1747,2051,3742,5721,2189
E07000065,148915,145173,139745,933,368,4127,1428,326,182,562,358,1719,459,52,217,411,580,343,215,110,18,252,79,173,71084,9961,12168,9574,8112,10005,7137,4898,3320,5909,70867,52009,19408,5198,1433,71084,1120,52,4403,246,452,7232,11175,2668,3423,2460,3637,1137,5501,3467,3310,7026,9538,4237
E07000066,174497,161677,156215,1313,873,3276,2887,1131,461,668,627,4766,2089,436,322,584,1335,4685,3339,931,415,482,112,370,83006,8475,11395,10282,12414,10068,7319,6967,6779,9307,80704,60991,23145,7355,2302,83006,147,28,6909,308,770,9082,13619,5072,3327,2704,7876,1120,4688,4062,3866,6564,9183,3681
E07000067,147084,142087,137010,1051,132,3894,1837,554,221,596,466,1998,625,122,190,335,726,913,540,286,87,249,65,184,74200,8949,10018,9818,9142,10067,7335,5613,5661,7597,69884,52492,18291,5046,1371,74200,755,46,7442,185,600,7828,12125,4422,2896,2268,4263,1102,4625,3457,4181,6581,8076,3348
E07000068,73601,68868,65688,921,121,2138,1196,343,138,444,271,2350,939,113,172,377,749,896,542,230,124,291,105,186,36251,5097,7448,5946,5188,3630,2896,1955,1585,2506,37548,24537,8565,2306,645,36251,174,12,2033,117,192,3330,4370,1465,1393,1655,4786,555,3124,1617,1802,3947,4004,1675
E07000069,88011,85273,83943,527,17,786,911,346,104,264,197,1012,378,67,87,220,260,661,327,203,131,154,31,123,41443,4340,4576,4894,6520,6165,3840,3580,3684,3844,38280,31786,12963,3873,1109,41443,59,22,3562,213,442,5173,6770,2505,1451,1093,3929,561,2248,1810,1998,3551,4167,1889
E07000070,168310,157983,151990,1450,212,4331,2646,854,342,844,606,4962,1911,673,466,826,1086,2051,1420,429,202,668,318,350,86451,10585,16438,12942,11866,8925,6922,6370,4723,7680,84476,58430,19261,4778,1365,86451,501,43,6041,243,580,7583,12840,3891,3539,3252,8172,1333,6433,3689,5761,8812,9632,4106
E07000071,173074,159306,151453,1155,79,6619,3152,889,469,929,865,6355,1426,366,385,1690,2488,2575,1803,528,244,1686,978,708,85587,9612,14949,12398,9784,9461,8804,7301,4966,8312,84520,60279,20925,5692,1658,85587,542,89,5636,233,535,7077,13718,3721,4036,3019,4870,1247,4918,3818,6796,9735,11517,4080
E07000072,124659,112869,106233,1427,176,5033,2649,881,267,808,693,5922,3041,933,265,598,1085,2404,1186,958,260,815,151,664,61609,9051,10107,9039,9269,7167,4845,3681,3839,4611,61413,42077,15435,4441,1293,61609,356,31,3378,159,417,6751,9096,3223,2228,2504,5236,1403,5049,3239,3154,5848,6044,3493
E07000073,81944,72999,68715,875,117,3292,1752,654,308,389,401,3733,1061,629,392,830,821,3090,2256,542,292,370,147,223,40401,3598,5000,4515,5176,5001,4153,3787,3726,5445,36969,29380,11203,3398,994,40401,67,6,3841,118,318,3873,8244,2724,1797,1369,1173,420,1811,2199,1876,3246,5610,1709
E07000074,61629,60429,59011,358,201,859,506,152,56,174,124,484,117,7,90,104,166,150,59,61,30,60,8,52,30292,4100,4530,3931,3775,4474,2593,1954,2230,2705,28471,21961,8269,2260,668,30292,436,32,3296,213,386,3507,4752,1379,1149,734,1765,430,2037,1376,1442,2759,3109,1490
E07000075,83287,80937,79628,468,49,792,905,296,127,304,178,881,262,42,81,228,268,433,235,95,103,131,40,91,40662,4784,5924,5665,6728,5380,3289,3144,2535,3213,39774,29085,10832,2816,780,40662,207,12,3393,173,271,4280,5754,1951,1363,1265,4894,615,2649,1676,2533,3609,4159,1858
E07000076,138048,134667,131666,998,62,1941,1467,595,176,371,325,1275,323,34,111,367,440,434,239,134,61,205,47,158,54857,5846,5985,5465,6333,7729,7403,4939,4684,6473,53035,49451,25052,8048,2462,54857,676,28,3929,232,477,5353,9886,3981,2927,1241,1813,757,2271,2493,2690,5275,7976,2852
E07000077,79443,76761,73325,622,122,2692,977,241,132,382,222,1122,284,40,186,202,410,417,197,159,61,166,40,126,40772,6301,7521,6094,4590,4786,3423,2480,2238,3339,41746,26483,8620,2067,527,40772,660,19,3513,80,224,3738,6118,2371,1554,1607,2340,645,3794,2060,2184,4277,3727,1861
E07000078,115732,109084,102140,1058,68,5818,1878,493,256,661,468,3675,1584,179,315,760,837,721,527,124,70,374,172,202,59183,6495,12307,7941,8448,5350,4780,5042,3025,5795,57758,39722,13631,3637,984,59183,132,102,5674,482,222,3510,8908,1434,3643,2908,3255,716,4136,2828,4958,6562,7082,2631
E07000079,82881,81075,78284,503,87,2201,698,167,86,274,171,794,218,16,38,223,299,229,136,47,46,85,4,81,41529,6485,7175,5150,4166,5868,3722,2724,2109,4130,40433,29067,10220,2498,663,41529,1316,142,3445,281,271,3335,6550,1272,3028,1836,1462,807,3531,1968,1854,4024,3850,2557
E07000080,81961,80699,79227,277,78,1117,528,170,82,181,95,473,159,25,1,129,159,199,99,58,42,62,5,57,39068,4294,5426,4114,4288,6073,4236,2573,3573,4491,36281,29340,11879,3535,926,39068,986,70,5275,241,364,3721,6008,1578,1740,1069,1151,514,2031,1763,2289,3640,4808,1820
E07000081,121688,108462,102912,850,136,4564,3565,2139,316,551,559,5839,3204,639,490,448,1058,3486,1100,1880,506,336,119,217,61374,5300,8359,7208,8173,7320,6555,5836,5245,7378,56655,43150,15933,4616,1334,61374,143,69,6894,826,422,4796,10513,2877,2924,1771,3437,654,2623,2752,4390,4915,9021,2347
E07000082,112779,110426,107026,591,57,2752,1216,364,129,428,295,751,177,28,53,193,300,260,96,125,39,126,33,93,57342,7099,10925,7024,5981,7871,5387,3542,4267,5246,53779,39711,14441,3783,1065,57342,768,137,7227,880,594,4903,8076,1793,2597,2304,1884,727,4290,2397,2930,6111,7046,2678
E07000083,81943,79901,77010,480,305,2106,776,294,54,258,170,901,387,55,63,158,238,255,132,79,44,110,31,79,41544,4936,7028,5392,5959,4976,3514,3045,2840,3854,39036,29183,10213,2703,808,41544,611,56,5132,385,280,2988,6117,1333,2132,1465,2113,522,2656,1827,3640,3866,4582,1839
E07000084,167799,155888,148078,1324,163,6323,2813,1047,318,863,585,6715,2437,389,330,1221,2338,1909,1259,470,180,474,138,336,90122,10816,17515,12987,11067,9371,7412,7040,5188,8726,85034,58917,18047,4559,1242,90122,669,93,8637,946,553,6861,15247,3713,3789,8435,4553,1105,6272,4813,4889,6861,8648,4038
E07000085,115608,111635,107568,656,267,3144,1305,312,153,513,327,1859,481,31,165,316,866,517,396,81,40,292,141,151,58457,8353,11334,8244,6504,7108,5639,3654,2803,4818,58330,40113,12885,3336,944,58457,750,83,5040,319,331,4800,8588,2001,2496,3545,2117,824,4958,3073,3769,6156,6446,3161
E07000086,125199,118537,114873,602,191,2871,1740,391,254,652,443,3740,1954,160,294,625,707,605,430,129,46,577,201,376,65768,7241,11807,9005,8492,7978,5857,5591,3979,5818,61561,44190,14538,3817,1093,65768,172,50,5851,355,381,5810,10851,3764,2773,3008,3281,856,4294,3042,4139,6292,7781,3068
E07000087,111581,107959,105663,475,85,1736,1359,301,150,657,251,1667,663,77,125,467,335,357,215,109,33,239,106,133,56445,6904,10357,8704,7169,6202,4825,4675,2906,4703,54170,39284,13638,3489,1000,56445,149,35,5581,403,366,4506,8331,2886,2357,2513,2368,697,3487,2571,5887,5587,6329,2392
E07000088,82622,79685,78001,313,32,1339,1066,272,142,426,226,1073,428,31,149,214,251,592,321,183,88,206,48,158,40063,3779,4860,5801,4633,5074,4356,3581,2947,5032,37447,29915,11224,3215,821,40063,40,21,4219,281,282,3056,5856,2008,2099,1021,1053,421,1452,2198,6076,3297,4960,1723
E07000089,91033,86355,82534,642,273,2906,1457,311,152,685,309,2448,880,141,136,435,856,506,266,178,62,267,100,167,48047,7371,10655,8096,5645,4595,3586,3177,1836,3086,50079,30120,8432,1891,511,48047,188,115,3350,188,278,3280,6818,2098,2120,4975,2212,611,4358,2496,4011,4537,4104,2308
E07000090,120684,117162,114919,532,64,1647,1514,404,215,588,307,1427,504,72,155,313,383,388,252,55,81,193,73,120,55555,5595,8036,6163,6341,7638,5565,5438,4538,6241,53474,43275,17188,5172,1575,55555,128,27,6457,873,546,5851,9228,2392,2718,2111,1413,670,2488,2980,3576,5008,6592,2497
E07000091,176462,172160,167445,829,423,3463,1620,439,188,603,390,1665,472,34,195,338,626,612,328,141,143,405,72,333,82993,10174,13273,10249,9799,11447,8674,5978,5212,8187,79671,63302,24871,6715,1903,82993,863,130,7424,524,627,7409,12666,3990,5243,2613,3015,1402,5688,3871,4437,7760,10870,4461
E07000092,93807,79520,75511,718,155,3136,2057,624,342,644,447,9755,1310,635,206,497,7107,1868,1115,538,215,607,134,473,51087,5077,7495,8260,6011,5745,5041,4405,3186,5867,46970,33340,10099,2625,773,51087,51,44,3572,213,366,3785,8072,2550,2751,3189,1907,519,3062,3457,5903,3712,5637,2297
E07000093,116398,111645,107743,537,153,3212,1494,378,246,565,305,2368,937,141,166,434,690,487,258,149,80,404,139,265,59611,7942,10859,7868,7445,6593,5098,4511,3702,5593,58222,40262,13530,3457,927,59611,897,42,5812,210,357,4436,9541,2439,2466,3007,3495,957,4063,2677,4611,5595,6245,2761
E07000094,116595,111577,107070,733,263,3511,1626,321,180,684,441,2639,665,92,222,745,915,457,250,147,60,296,110,186,57318,8238,14540,8176,5891,5488,4388,3704,2006,4887,62025,38219,12354,3135,862,57318,922,60,3482,220,322,3812,7444,2004,3047,3703,2159,965,5290,2535,4545,6817,7160,2831
E07000095,93609,84530,75656,1308,147,7419,2141,787,246,500,608,2190,799,145,158,326,762,3957,2246,1307,404,791,135,656,46222,5069,5608,5598,6990,6320,4031,3897,3886,4823,44661,33072,11544,3357,975,46222,151,12,3054,199,389,5557,9007,3040,1972,1678,2566,870,2796,2540,2366,4028,3727,2270
E07000096,144847,131537,124537,1821,231,4948,3075,983,393,978,721,6770,2347,2007,287,784,1345,2990,1982,740,268,475,165,310,73437,9630,13742,11076,8780,7816,6262,5537,3843,6751,72910,49326,16778,4576,1257,73437,271,65,4821,220,393,6218,12673,3836,3273,5042,2963,1013,6329,4051,3725,7255,7229,4060
E07000098,100031,85063,75750,2130,154,7029,2619,678,385,862,694,7393,3723,454,232,918,2066,3927,2990,558,379,1029,200,829,49428,6790,9603,7224,6694,4767,4461,3486,2628,3775,51558,32887,11433,3208,945,49428,95,30,2221,165,221,3849,8195,2316,2097,2811,2850,1344,4591,2697,2236,5126,5517,3067
E07000099,127114,113755,107889,1398,33,4435,3376,1481,309,912,674,6821,3464,424,495,808,1630,2491,859,1344,288,671,146,525,64990,8310,14418,9522,7209,6420,5372,4514,3819,5406,63801,43360,14965,3958,1030,64990,417,39,6538,156,405,4895,10445,2471,2372,3612,2831,1144,6032,2979,3614,6761,6965,3314
E07000102,87317,75294,69550,1747,79,3918,2002,516,181,775,530,7993,5231,605,158,590,1409,1610,864,598,148,418,128,290,43999,6612,9317,6639,5574,4319,3642,2634,2096,3166,44267,29873,9772,2672,733,43999,75,46,2241,136,301,3938,6658,2175,1681,2820,2416,799,4080,2300,2455,4482,4846,2550
E07000103,90301,64946,55875,2063,61,6947,3104,990,412,939,763,16170,4923,6082,362,822,3981,5229,3142,1558,529,852,294,558,47634,5038,9467,6925,5610,4775,4234,3991,2770,4824,45200,31453,9911,2931,806,47634,36,25,2607,132,292,3626,8208,2930,2397,3034,2196,694,3485,2722,2350,4391,5870,2639
E07000105,117956,110520,105498,753,531,3738,1682,544,235,507,396,3991,958,161,185,431,2256,1375,948,327,100,388,87,301,57546,7025,9056,6704,6261,7600,5283,5185,4179,6253,56128,41385,15027,4163,1253,57546,951,47,4986,382,432,5930,9845,3070,2955,1710,1935,650,3519,3155,2891,5002,7255,2831
E07000106,151145,140620,132269,1260,374,6717,2551,680,305,897,669,5135,1448,306,251,1436,1694,1937,1338,437,162,902,405,497,65620,6964,13470,7768,6449,7446,6692,6144,3317,7370,70764,52338,20211,6133,1699,65620,545,28,3341,209,350,5415,11063,2546,4282,1734,1725,778,3810,2569,3725,10669,9546,3285
E07000107,97365,85070,80466,767,244,3593,2161,620,346,693,502,5799,2670,179,431,538,1981,3578,2814,497,267,757,179,578,49611,5124,7220,6153,7269,6242,4415,4526,3710,4952,47273,33941,11837,3314,1000,49611,106,44,3202,252,518,5337,8721,3285,2084,1747,2922,733,3005,2515,3041,4041,5852,2206
E07000108,111674,107966,103848,572,234,3312,1029,281,133,360,255,2031,397,40,151,274,1169,386,265,85,36,262,65,197,50396,4949,7228,5911,5596,6197,6463,4347,3970,5735,48433,39477,16745,5538,1481,50396,641,42,2951,211,328,4241,7241,5014,2718,826,1209,504,2714,2565,4444,5202,7179,2366
E07000109,101720,84226,78422,791,320,4693,2066,564,359,627,516,10604,7538,550,477,326,1713,2885,2226,456,203,1939,94,1845,47639,4812,6190,5315,5898,6083,4281,4609,4120,6331,47298,35572,13629,4104,1117,47639,392,52,3568,301,389,5689,8840,3147,2229,1316,2237,675,2468,2586,2647,4253,4773,2077
E07000110,155143,145996,138235,955,838,5968,2345,625,319,841,560,4943,1226,340,381,461,2535,1380,867,356,157,479,140,339,78090,9474,12799,10976,9750,9332,6609,5957,4943,8250,74636,54384,19291,5323,1509,78090,1066,61,5163,456,688,8308,12733,3798,3600,2579,3775,1073,4890,4178,6204,6951,9039,3528
E07000111,114893,110029,104538,950,391,4150,1675,424,176,682,393,2085,712,106,146,500,621,853,569,204,80,251,84,167,56015,8044,10758,8142,7124,6545,4505,3740,2850,4307,58796,38344,13180,3569,1004,56015,435,93,3160,214,316,5261,8203,2343,2111,2617,4899,1116,5597,2868,2889,5523,5371,2999
E07000112,107969,102215,98029,745,164,3277,1267,387,149,420,311,3699,413,93,226,281,2686,458,277,130,51,330,64,266,48280,5292,6400,6200,5121,6149,5707,4679,3344,5388,45577,38999,16465,5321,1607,48280,496,39,2497,857,429,4671,7431,3102,2886,964,2357,529,2134,2946,3674,4311,6818,2139
E07000113,135835,131155,126130,780,730,3515,1575,533,225,441,376,1489,545,107,206,233,398,1395,993,277,125,221,47,174,62810,6558,8026,7336,7482,8477,6064,4853,5944,8070,60198,48719,19118,6008,1792,62810,932,45,6495,305,666,6677,10356,3939,2795,1409,2220,873,3094,3063,4468,5960,6826,2687
E07000114,134186,128194,121346,1026,187,5635,2186,720,329,598,539,2504,738,184,178,450,954,910,585,239,86,392,118,274,55200,5489,7794,5669,5717,7174,7447,5352,3970,6588,54640,47109,22377,7785,2275,55200,469,19,4120,343,356,5210,8950,2738,3200,1050,1537,731,2734,2517,2870,6533,9059,2764
E07000115,120805,115872,111662,760,350,3100,1677,474,199,667,337,2431,755,165,236,496,779,421,222,143,56,404,130,274,59993,7768,10283,8380,7652,6798,5229,4530,3544,5809,60306,41475,14263,3728,1033,59993,402,77,4070,247,635,5685,9643,2850,2408,2367,4286,871,4581,3137,3384,6153,6288,2909
E07000116,115049,109239,103115,880,322,4922,1893,414,222,787,470,2903,736,175,513,552,927,638,419,142,77,376,122,254,57234,8005,11764,8487,6302,6209,4756,4320,2393,4998,59156,38656,12788,3550,899,57234,716,63,2796,189,250,4452,8934,2002,2644,2953,5345,922,5460,2882,2146,5765,6790,2925
E07000117,87059,76054,74464,527,10,1053,976,228,90,476,182,9578,321,5924,2425,222,686,211,76,120,15,240,55,185,38133,3300,4856,3835,3978,5181,4633,3306,4187,4857,37372,29286,13682,5213,1506,38133,92,15,6821,112,268,2826,6386,1445,1842,767,1035,456,1310,1759,2043,3252,6000,1704
E07000118,107155,103833,101892,567,57,1317,1016,463,104,273,176,1710,612,525,105,236,232,401,115,240,46,195,113,82,53702,6224,9539,6868,6048,6398,5408,3985,3949,5283,51303,35705,14222,4623,1302,53702,478,44,5875,232,474,4488,8899,2126,2457,1515,1382,765,3058,2458,4053,5482,7561,2355
E07000119,75757,73844,72021,488,15,1320,742,251,87,233,171,845,297,118,25,209,196,163,63,54,46,163,67,96,34510,4349,7168,4330,4324,3580,3279,2459,1832,3189,33815,25591,11619,3692,1040,34510,337,22,4300,109,159,2172,4607,1067,2549,1271,1500,520,2022,1294,3364,3238,4354,1625
E07000120,80734,70778,68834,436,97,1411,696,186,39,336,135,9007,279,7548,402,268,510,106,52,45,9,147,91,56,35993,3262,4308,3531,3865,5239,4465,3210,4193,3920,34759,27610,12225,4800,1340,35993,103,24,6079,126,256,2883,6633,1771,1701,716,661,369,1273,1442,1942,3558,5004,1452
E07000121,138375,132342,126624,840,331,4547,1356,373,179,480,324,3732,1212,413,309,1231,567,628,472,109,47,317,164,153,62832,5815,11379,6764,6095,7712,7580,5572,4357,7558,64577,46831,18960,6215,1792,62832,984,189,3788,1636,558,4501,9569,2981,4615,1420,1260,578,2489,2555,3316,9173,10112,3108
E07000122,89452,71437,69074,462,26,1875,946,139,65,599,143,16807,236,15320,383,281,587,126,67,51,8,136,52,84,39324,3747,5172,3802,3786,5641,4254,3674,4875,4373,38965,30826,13431,4921,1309,39324,260,18,8277,56,214,2842,6885,1684,1879,763,990,500,1490,1732,1749,3599,4902,1484
E07000123,140202,112415,106242,1178,111,4884,3326,1627,300,931,468,21732,14421,4425,375,1235,1276,1676,661,865,150,1053,626,427,64180,5404,10417,6881,7558,6763,6196,7099,4995,8867,65276,47840,18585,6644,1857,64180,456,32,7054,244,463,4265,11733,2967,4074,1887,1530,764,2867,3142,5023,6057,9108,2514
E07000124,57132,55904,54757,332,6,809,360,93,33,163,71,729,204,295,32,109,89,92,65,12,15,47,9,38,28713,3954,5796,3232,2969,4030,2758,1562,1807,2605,29415,18376,7049,1805,487,28713,835,37,3760,78,190,2259,4328,745,1781,642,682,405,1754,902,1579,3559,3899,1278
E07000125,67982,63778,62516,541,47,674,602,199,64,218,121,3396,186,1139,1638,233,200,123,49,63,11,83,37,46,32808,3780,5411,3945,3458,4242,3678,2440,2831,3023,31438,22508,9603,3475,958,32808,107,23,4507,94,252,2878,5337,1369,1270,817,809,471,1618,1455,1948,3564,4889,1400
E07000126,109057,105847,103890,680,17,1260,1174,514,99,388,173,1612,798,241,26,282,265,268,78,149,41,156,65,91,55761,5626,9185,6976,7633,6887,5539,4656,4104,5155,52009,37211,14240,4473,1124,55761,391,24,6800,246,571,4540,9170,2458,2168,1516,1374,847,2842,2378,5670,5413,7082,2271
E07000127,110685,108603,105775,584,8,2236,866,266,140,248,212,913,411,85,13,190,214,174,115,48,11,129,63,66,51694,5751,8787,5469,5824,6071,5300,3897,4268,6327,52675,36226,14800,5380,1604,51694,1394,49,5450,123,449,3801,8782,2672,2538,1174,1885,548,2549,2148,2843,5923,7118,2248
E07000128,107749,105852,104251,490,96,1015,664,234,79,226,125,993,235,70,78,315,295,130,78,33,19,110,45,65,48558,5209,7397,5120,6816,6703,5137,3917,3456,4803,46601,36224,17189,5944,1791,48558,883,102,4315,230,380,4313,7636,1987,3119,1135,1252,497,2286,1626,5252,4802,6495,2248
E07000129,93915,85451,83161,545,101,1644,1505,645,108,486,266,5718,4399,281,18,435,585,900,371,398,131,341,96,245,48276,5384,7700,6275,6141,6286,4233,4130,3498,4629,44615,33631,11764,3081,824,48276,217,93,5516,769,281,4650,9286,2109,1903,1224,1871,469,2443,1856,2942,4905,5756,1986
E07000130,166100,145114,139978,989,74,4073,2577,815,244,1045,473,16138,10225,428,2022,1943,1520,1327,875,339,113,944,442,502,79572,8669,14282,9726,9110,9719,7289,6178,6169,8430,79906,58637,20620,5465,1472,79572,445,255,10657,672,567,6152,13694,3287,4041,2003,1935,862,4706,3129,3899,10943,8444,3881
E07000131,85382,81316,79242,486,61,1527,971,308,92,384,187,2563,1849,132,44,226,312,327,179,111,37,205,35,170,44079,6735,8434,5856,4995,5227,3449,2864,2464,4055,43421,29261,9707,2345,648,44079,862,60,4548,286,232,3571,8035,1853,1893,1377,1500,595,3087,2096,2256,5119,4734,1975
E07000132,105078,101369,99440,451,86,1392,1027,364,81,390,192,2246,1390,158,81,269,348,262,133,110,19,174,74,100,53774,6390,8305,6536,6548,6814,4795,3868,4498,6020,48612,37653,13974,3812,1027,53774,529,144,7390,1217,410,4465,10032,2991,2281,1390,1568,523,2906,2128,2561,5294,5730,2215
E07000133,50376,49319,47861,264,3,1191,414,151,45,142,76,518,277,4,0,103,134,95,39,38,18,30,3,27,26184,3248,3935,3190,2583,3563,2564,1640,2530,2931,24349,17892,6295,1449,391,26184,660,48,4390,129,210,1970,3998,1098,1302,598,605,266,1622,1053,1539,2584,2619,1493
E07000134,93468,91187,89116,406,77,1588,881,358,59,322,142,1074,520,16,20,198,320,205,91,78,36,121,25,96,46291,5383,6910,5300,5115,5859,4246,3275,4724,5479,42477,33202,12978,3733,1078,46291,429,439,6757,401,326,4118,8032,3599,2163,1162,897,463,2480,2062,1969,4576,4481,1937
E07000135,56170,41011,39634,387,9,981,1176,383,85,493,215,12520,9938,1080,128,328,1046,671,302,305,64,792,191,601,26399,2717,4547,3179,3580,2864,2357,2462,2022,2671,25383,20568,7524,2082,613,26399,50,21,2970,351,139,1858,5045,1027,1086,647,1064,304,1360,1021,1617,3336,3489,1014
E07000136,64637,62592,54221,208,63,8100,664,171,114,167,212,928,374,148,72,130,204,278,174,57,47,175,63,112,30807,2410,3077,2128,2655,3957,2975,2556,5194,5855,26298,24225,10252,3058,804,30807,1653,18,5523,93,261,1842,6179,1617,1279,310,335,348,816,1987,1049,2000,4489,1008
E07000137,136401,134314,131717,490,61,2046,937,414,87,261,175,789,231,63,100,198,197,264,160,75,29,97,40,57,56311,6757,6522,5301,5240,8834,6594,4707,4927,7429,52138,48140,24915,8671,2537,56311,2532,137,5248,223,561,4435,9851,2404,5039,701,607,708,2152,2052,3687,5410,7436,3128
E07000138,93541,89379,83653,719,80,4927,1230,367,189,372,302,1794,522,139,139,452,542,778,504,165,109,360,175,185,44599,3304,6005,4838,4210,4929,4779,5356,4462,6716,41329,34216,13005,3907,1084,44599,333,56,4835,231,592,3447,8567,1826,3197,1101,547,430,1623,2109,3344,3969,6362,2030
E07000139,107766,105835,103343,512,74,1906,791,242,91,256,202,750,217,29,68,215,221,251,108,101,42,139,43,96,52428,6382,7451,7661,5920,6575,5208,3905,4315,5011,49563,37834,14941,4198,1230,52428,1427,97,5001,252,582,4237,8170,2102,2341,1130,794,485,2278,1789,7916,4779,6888,2160
E07000140,88270,86370,79569,282,100,6419,796,247,138,233,178,747,251,48,54,176,218,257,137,72,48,100,13,87,41490,4437,4034,3605,4158,5932,3793,3129,6280,6122,35771,33149,13968,4167,1215,41490,2582,19,6552,153,303,3251,8615,2758,1497,615,851,366,1764,2504,1486,2787,3894,1493
E07000141,133788,130394,125261,656,78,4399,1142,410,138,304,290,1580,509,93,63,436,479,509,330,117,62,163,48,115,66532,8212,10107,8022,7200,8375,6342,5379,5619,7276,62625,46999,17767,5005,1392,66532,1229,97,8571,318,601,5145,11595,2770,3303,1949,2017,783,3432,3054,4357,6427,7708,3176
E07000142,89250,87600,85977,411,161,1051,630,222,58,205,145,728,370,64,0,130,164,224,127,74,23,68,38,30,41968,4997,6610,4669,4436,5819,4425,3055,3523,4434,39293,32075,13100,3790,992,41968,1724,126,4686,452,472,3555,6608,1932,1735,673,647,479,2000,1493,3186,4531,5916,1753
E07000143,130491,127116,119033,593,204,7286,1562,379,313,388,482,1040,295,81,101,202,361,596,211,225,160,177,9,168,61301,6381,6642,6679,6259,9208,6477,4630,6597,8428,55097,48663,19565,5623,1543,61301,2556,75,8195,163,561,5199,10341,3094,3110,963,1601,781,2585,2705,4152,5070,7022,3128
E07000144,124646,121795,119582,406,44,1763,1064,267,165,389,243,1265,405,45,96,286,433,331,228,63,40,191,80,111,61541,6900,8808,7477,7745,8752,6200,5690,4074,5895,55219,46106,17475,4499,1347,61541,881,175,5416,290,408,5945,10830,2435,2977,1571,3943,876,3210,2512,3571,5459,8202,2840
E07000145,97277,94215,90280,390,63,3482,1159,294,277,331,257,1204,446,116,18,189,435,439,285,86,68,260,77,183,41264,3939,4159,3702,4324,5797,4948,4196,4090,6109,39204,35032,16130,5330,1581,41264,455,671,3899,253,309,3363,7422,2026,3911,515,812,385,1997,1928,1836,3167,6081,2234
E07000146,147451,143409,135955,605,255,6594,1372,362,235,376,399,1863,668,134,51,386,624,561,319,118,124,246,74,172,67268,7047,8130,7219,6720,9987,6979,5295,7243,8648,60322,54681,23441,7077,1930,67268,2240,127,8613,226,577,6267,11699,2690,3898,881,1387,841,2530,2897,4682,5571,8879,3263
E07000147,101499,100127,98001,354,46,1726,617,194,76,197,150,531,112,5,67,141,206,157,67,73,17,67,10,57,43183,5228,5182,4092,3988,7633,5021,3424,3333,5282,39504,38336,17412,4839,1408,43183,1585,151,3996,201,301,3934,7568,1588,3427,703,1014,617,2111,2002,1823,3974,5670,2518
E07000148,132512,120375,112237,874,127,7137,3039,684,660,876,819,5844,1684,255,540,1679,1686,2147,1727,272,148,1107,643,464,62424,4811,12181,7422,5944,6321,5901,6878,4157,8809,59454,46939,18620,5862,1637,62424,198,92,4290,128,371,3933,10767,2229,4653,2096,3984,809,3711,2965,2924,7164,8697,3413
E07000149,124012,120981,117998,455,183,2345,1214,313,179,422,300,1270,433,64,60,325,388,378,259,68,51,169,70,99,60333,6975,10579,7170,6861,8375,5627,4607,4173,5966,57480,44400,16575,4297,1260,60333,1782,140,5587,199,366,5284,9740,2282,2591,1489,3161,986,3926,2324,3249,6416,8101,2710
E07000170,119497,116733,114744,348,43,1598,1059,556,88,229,186,1099,396,97,62,232,312,472,195,209,68,134,25,109,55336,4889,5883,5423,6354,7930,5728,5224,6168,7737,50253,41200,19484,6764,1796,55336,139,207,9108,603,373,5351,10527,3188,2417,996,902,557,2020,2304,2867,4225,7474,2078
E07000171,112863,109892,106663,381,94,2754,996,454,85,228,229,1255,440,287,74,180,274,520,221,239,60,200,52,148,52814,5540,6780,5093,5188,6984,5653,4223,5981,7372,48326,39138,17794,5912,1693,52814,880,455,6921,668,437,4515,9852,2896,2650,921,957,587,1874,1776,2783,4448,7921,2273
E07000172,109487,101538,98001,615,9,2913,1827,866,151,486,324,4503,1754,775,92,1135,747,933,448,405,80,686,436,250,53185,5334,10903,6540,6266,5961,4208,4523,3981,5469,49831,38276,15614,4521,1245,53185,99,54,6241,627,273,4108,9227,2349,2163,1863,1251,597,3041,2112,3390,6941,6622,2227
E07000173,113543,105656,102551,891,32,2182,2619,1500,240,521,358,3343,1366,962,67,411,537,1653,370,1118,165,272,68,204,55598,5972,9295,6956,7160,6912,5150,5178,3746,5229,51154,39934,16473,4657,1325,55598,209,75,5059,699,360,5109,9765,2419,2387,1653,1430,919,2988,2206,4030,6000,7726,2564
E07000174,104466,101522,97408,447,2,3665,1106,571,105,224,206,1289,521,132,192,206,238,398,152,192,54,151,42,109,48361,4384,5349,4941,5086,6443,5287,4619,4882,7370,43295,35895,16922,6476,1878,48361,186,491,5958,395,372,4707,9191,2431,2862,773,897,495,1582,2099,2999,3925,6898,2100
E07000175,114817,111958,108208,641,253,2856,1160,491,133,308,228,1036,366,145,73,220,232,499,166,270,63,164,39,125,54555,6491,7940,6032,5504,7075,5437,4275,4928,6873,51505,39671,16874,5246,1521,54555,1044,343,6404,459,572,4660,9166,2521,3367,1630,934,632,2663,2168,3579,5032,6769,2612
E07000176,111129,103504,100363,810,23,2308,1949,736,159,723,331,4614,2361,1072,40,558,583,627,202,349,76,435,153,282,55346,7869,14585,7928,6135,4861,3838,3651,2365,4114,57689,36222,12779,3468,971,55346,564,97,4466,536,287,3648,8336,1664,2265,2573,1790,807,5049,2065,3942,7884,6548,2825
E07000177,141868,130761,122491,1104,105,7061,2560,835,370,729,626,6039,1681,2382,184,657,1135,1961,1040,600,321,547,145,402,74829,8708,12468,9811,8423,8799,6300,6568,5850,7902,71403,49163,15844,4261,1197,74829,867,34,8621,262,473,5519,13217,3380,3253,3655,1827,808,4971,3401,5022,7836,7864,3819
E07000178,151906,117957,96633,2431,92,18801,6035,1721,703,2008,1603,18827,4449,4825,1791,3559,4203,7028,4456,1874,698,2059,922,1137,69807,5791,23478,8106,5805,4912,5713,4659,3215,8128,83904,48201,14320,4189,1292,69807,108,22,3534,321,206,2826,7722,2241,4767,4595,872,643,6544,2450,2222,16452,10536,3746
E07000179,134257,128993,122083,1092,135,5683,1801,506,168,690,437,2405,814,194,179,443,775,768,445,241,82,290,89,201,70087,10095,15018,10215,7444,7969,5674,4186,3394,6092,70571,44779,14409,3517,981,70087,723,119,5044,484,700,5271,10157,2544,3101,5025,1961,985,7916,3289,4458,7580,7103,3627
E07000180,120988,114824,108599,956,109,5160,1574,377,180,621,396,2962,842,350,185,649,936,1230,828,246,156,398,149,249,63181,8057,14651,8954,6904,6923,5030,3943,3362,5357,62738,41117,13063,3163,907,63181,601,111,4803,457,484,4923,8635,1974,2520,4016,1356,878,6973,2628,4834,8667,6178,3143
E07000181,104779,101469,96995,708,182,3584,1263,320,136,473,334,1424,354,95,152,310,513,437,270,109,58,186,53,133,56515,7384,10416,8344,6036,7307,4998,3666,3381,4983,53984,35438,11685,2942,730,56515,750,89,5130,199,369,4565,8493,1825,2559,2970,1263,893,4497,2308,5186,6644,5689,3086
E07000192,97462,95256,94042,350,8,856,867,458,51,214,144,982,406,110,48,227,191,280,98,147,35,77,10,67,47476,4464,5264,5092,5455,7216,4674,4244,5275,5792,42634,34133,14091,5121,1483,47476,131,68,6812,356,673,5519,8955,2731,2265,829,971,464,1681,2057,2770,3647,5621,1926
E07000193,113583,102704,97854,542,72,4236,1619,800,92,451,276,7864,916,5598,157,331,862,1023,333,500,190,373,91,282,54921,5707,8008,5589,5630,6747,4667,4293,6205,8075,52094,40576,15302,4377,1234,54921,777,98,9036,320,436,4300,9551,3479,2953,1275,870,501,2419,2443,2207,4928,6844,2484
E07000194,100654,97399,95263,598,13,1525,1034,482,99,281,172,1623,877,157,107,225,257,481,113,298,70,117,10,107,49016,6852,9043,6158,5720,5756,3804,3479,3227,4977,47225,35014,13259,3959,1197,49016,550,51,5694,251,429,4319,8364,2312,2349,1432,1537,688,3150,2089,2819,5063,5576,2343
E07000195,123871,117662,115510,364,49,1739,1490,565,156,468,301,3512,937,485,154,978,958,828,515,236,77,379,136,243,57366,5380,9036,6056,6085,7423,5614,5348,4926,7498,55311,42716,17802,6312,1730,57366,364,84,7162,304,400,4649,10867,2808,2762,1590,1499,700,2458,2380,2486,6191,8028,2634
E07000196,108131,103700,102339,469,128,764,1495,796,40,479,180,2122,1435,170,17,204,296,578,142,371,65,236,44,192,53328,6967,8832,6679,6905,7076,4321,4111,3574,4863,49032,38390,14901,4435,1373,53328,571,46,6473,332,523,5267,8986,2050,2298,1305,1999,860,2704,2145,3543,5598,6201,2427
E07000197,130869,124308,121160,770,119,2259,1694,819,126,439,310,3288,1359,369,128,503,929,1107,391,582,134,472,229,243,64494,7695,12284,8511,7275,7062,5477,5026,4245,6919,60366,46574,17316,5118,1495,64494,1131,48,6312,629,462,4500,10347,2854,3174,1938,1385,779,3238,2663,6054,6530,9364,3086
E07000198,97106,95825,94657,256,35,877,602,238,52,179,133,502,136,87,2,108,169,120,52,60,8,57,19,38,47591,5265,7008,5205,4937,7420,4694,3495,4367,5200,42874,34050,14432,4420,1330,47591,1134,152,6965,245,376,4156,7149,2076,2195,868,2009,616,2258,1854,2145,4452,6274,2667
E07000199,76813,74761,72984,504,9,1264,803,414,59,197,133,763,386,47,38,150,142,393,91,252,50,93,30,63,38281,3614,4417,4216,4817,4602,3131,3799,3992,5693,35029,27064,10314,3399,1007,38281,74,79,5250,190,291,3136,8169,3367,1913,967,1280,295,1486,2063,1557,2991,3445,1728
E07000200,87740,85845,83666,486,51,1642,827,306,92,216,213,666,180,9,65,161,251,264,133,89,42,138,10,128,42250,5176,6458,5333,4611,6118,3945,3149,3132,4328,40875,31433,11624,3023,785,42250,825,27,5033,205,309,4001,6554,1881,2118,1245,1898,603,2586,1885,2409,4103,4657,1911
E07000202,133384,118596,110624,610,149,7213,4816,2579,655,637,945,5740,1801,242,1687,666,1344,3096,1025,1554,517,1136,151,985,65479,5197,9236,7132,7332,7722,6625,6794,6093,9348,60771,47800,18053,5233,1527,65479,251,31,5183,639,423,5269,11560,4917,3671,2670,4004,670,2449,3367,3517,5148,9005,2705
E07000203,96731,94667,92747,345,76,1499,953,311,120,298,224,647,170,17,38,158,264,371,164,126,81,93,7,86,48570,6123,7379,6414,5395,6973,4379,3323,3747,4837,46319,34155,12432,3020,805,48570,1661,41,4823,355,321,4717,7904,2618,1826,1471,1658,619,2925,2035,3505,4480,5454,2157
E07000207,130875,118123,104508,2072,153,11390,3411,521,347,1550,993,7075,2489,555,504,1143,2384,1010,620,272,118,1256,597,659,64730,12074,15800,11443,6968,4760,4868,3435,1947,3435,73880,40555,12360,3213,867,64730,137,324,3256,255,242,3825,8248,2750,2437,5541,4975,1391,8770,3650,2775,6292,5712,4150
E07000208,75102,64502,59049,1142,132,4179,1922,406,223,758,535,6484,1828,667,325,922,2742,1128,679,304,145,1066,538,528,38005,4923,8696,5898,5055,3588,3275,2539,1527,2504,39208,25355,7988,2016,535,38005,39,93,1423,135,174,3168,5154,1641,1381,2259,2684,661,3931,1883,2295,3836,5042,2206
E07000209,137183,124707,114510,1193,491,8513,2501,432,288,1077,704,6616,1661,487,320,1884,2264,1656,1162,336,158,1703,923,780,70021,9551,17168,11221,7200,6623,5452,4881,2488,5437,73969,45445,13442,3402,925,70021,219,220,3820,243,373,4901,9818,2521,3432,5341,3560,1078,7526,3414,4179,7964,7404,4008
E07000210,85375,81168,76907,798,128,3335,1257,276,117,518,346,2177,707,152,206,358,754,399,207,131,61,374,148,226,42422,6422,9518,6613,5045,4505,3678,2326,1495,2820,43926,28801,9607,2437,604,42422,322,177,2102,134,204,3493,5379,1611,1806,2565,2801,909,4935,2497,2049,4463,4380,2595
E07000211,137835,124879,117092,1554,179,6054,3037,736,409,1111,781,6992,2192,1189,532,914,2165,2166,1312,603,251,761,266,495,71236,9835,14701,11262,9125,6869,6728,4531,3093,5092,71052,46908,14866,3844,1165,71236,173,135,3270,345,399,5915,9487,4481,3031,3771,6325,1209,6282,4209,3792,6325,8743,3344
E07000212,80510,71633,64397,1073,220,5943,1671,348,217,638,468,5561,2022,378,235,1173,1753,862,584,195,83,783,365,418,40651,5464,7676,5848,5034,4255,3649,3023,1990,3712,41319,27451,8767,2371,602,40651,109,160,2426,259,199,2915,6344,3518,2135,2765,1358,586,3313,2223,1905,3788,4182,2466
E07000213,95598,83455,77411,1366,192,4486,2382,575,316,905,586,7295,4013,656,259,621,1746,1545,971,419,155,921,322,599,50161,5868,8175,7420,7607,5200,4448,3714,3215,4514,45929,34239,11509,3085,836,50161,52,181,2661,383,351,3730,7347,7520,2193,3414,1806,718,3167,2924,2843,3967,4291,2613
E07000214,86144,77692,73179,828,162,3523,1626,370,171,696,389,5389,1713,667,298,535,2176,861,528,253,80,576,184,392,44968,6957,9137,7253,5440,4315,3808,2994,1864,3200,46062,28683,8613,2148,638,44968,76,125,3056,190,282,3225,6561,2734,1960,3817,1893,706,3792,2524,3013,3766,4856,2392
E07000215,82998,77880,74095,865,286,2634,1789,513,181,683,412,2164,746,139,102,418,759,882,400,373,109,283,47,236,41813,6527,7870,6536,5367,4700,4050,2432,1715,2616,41916,28514,9450,2403,715,41813,257,43,1912,149,256,4043,5602,1965,1488,2085,3477,744,3974,2251,2459,4166,4676,2266
E07000216,121572,116717,110190,1032,167,5328,1623,332,168,746,377,2283,533,246,169,623,712,538,353,147,38,411,162,249,59178,9368,14132,8980,6161,6134,4920,3541,1887,4055,65068,39777,12768,3078,881,59178,340,141,3072,206,222,4376,8105,1917,2508,4438,3241,1008,6998,3131,2639,7212,6058,3566
E07000217,99198,82926,74335,1089,151,7351,2335,411,299,975,650,11462,2328,5682,450,870,2132,1383,1012,270,101,1092,549,543,51341,6879,11765,7692,6010,4594,4342,3760,2456,3843,51360,34291,10184,2602,761,51341,90,191,3038,180,272,3275,7593,2787,2089,4217,2970,688,5509,2937,2714,4222,5321,3248
E07000218,62014,60709,59499,458,45,707,506,269,39,116,82,580,360,35,11,67,107,172,30,124,18,47,7,40,31258,3549,4060,3431,3818,4044,2688,2244,3137,4287,27979,21604,8725,2850,856,31258,352,175,3979,211,312,2814,5447,2806,1566,806,809,370,1367,1544,1415,2795,3142,1348
E07000219,125252,114392,111379,697,75,2241,1396,664,110,409,213,7880,5705,527,51,304,1293,1047,555,351,141,537,76,461,60205,5102,7712,6600,7104,7287,5975,5194,6145,9086,55086,44255,18133,6019,1759,60205,118,157,8641,397,486,3836,11698,4748,2662,1482,1747,540,2353,2717,3103,5278,7659,2583
E07000220,100075,90565,84210,1025,160,5170,1986,879,210,563,334,5225,3061,612,140,432,980,1987,1002,754,231,312,102,210,50485,5736,8914,6103,5621,5300,4019,3420,3973,7399,47711,35306,12580,3508,970,50485,445,40,5991,411,313,3403,9127,4283,2384,1751,1257,530,2944,2246,2795,5067,5332,2166
E07000221,120485,117307,112780,890,173,3464,1258,417,106,448,287,1466,564,74,13,391,424,264,112,115,37,190,51,139,60765,9491,11245,7947,6589,7484,4953,4391,2962,5703,58094,41966,15315,4049,1061,60765,1408,34,5830,399,493,4367,9936,2100,3894,2641,2433,998,5226,3295,2444,6009,5761,3497
E07000222,137648,122715,114739,2146,41,5789,2803,861,233,1070,639,9945,6745,480,69,1155,1496,973,474,389,110,1212,231,981,69608,8905,17365,9869,7464,6145,5472,4939,3168,6281,69660,46720,15719,4275,1274,69608,339,31,7205,1057,445,3762,10306,2211,3743,3896,1999,923,6705,3005,3407,8639,8339,3596
E07000223,61182,58663,56843,426,121,1273,886,206,193,305,182,1058,234,55,269,242,258,313,241,60,12,262,170,92,29356,3153,4232,3644,3419,4053,3412,2800,1952,2691,26107,22373,9181,2757,764,29356,70,23,2417,447,292,2877,4966,1509,1186,891,1613,461,1562,1332,1393,2687,4171,1459
E07000224,149518,145118,137024,889,162,7043,1502,426,221,532,323,2116,498,107,367,412,732,538,313,160,65,244,72,172,67443,7843,8944,7456,7698,9014,8231,5511,4696,8050,62774,54975,23299,6608,1862,67443,1241,55,5896,292,692,5806,11500,3005,4339,1899,2174,1052,3339,3509,3618,5604,9711,3711
E07000225,113794,110322,105841,743,238,3500,1092,269,158,361,304,1617,470,36,131,339,641,518,319,129,70,245,102,143,53285,7586,9983,6957,5219,6862,5170,3711,2477,5320,54210,39771,14900,3822,1091,53285,1141,49,3830,148,248,4189,8098,1774,3424,2098,1633,1085,3869,2738,3262,5452,7101,3146
E07000226,106597,85180,76888,967,77,7248,3098,806,615,883,794,13825,5530,4548,427,496,2824,3469,2164,465,840,1025,424,601,55466,5035,6807,6653,6853,5203,6665,5886,4384,7980,50751,38279,12856,3679,1032,55466,50,92,3625,507,271,3452,9421,8601,4453,2099,2803,459,2471,4344,2438,3337,4996,2047
E07000227,131301,126062,121020,904,234,3904,1774,364,260,725,425,2585,734,165,209,472,1005,651,440,155,56,229,75,154,66299,9358,12684,9836,7854,7385,6421,4561,2861,5339,66403,45684,14580,3560,1074,66299,799,94,5031,314,394,5081,10195,4047,2762,3222,4074,1194,5506,3738,2948,6390,6742,3768
E07000228,139860,133018,126341,1235,142,5300,1967,378,277,805,507,3761,1410,154,399,525,1273,788,487,201,100,326,87,239,72229,9618,14062,10997,8784,7413,7698,4905,3091,5661,72448,47524,14938,3864,1086,72229,459,85,4124,390,377,5509,9702,4673,3173,3593,5583,1012,5588,4108,3222,7269,9393,3969
E07000229,104640,98136,93594,815,99,3628,1836,437,337,658,404,3372,783,171,544,474,1400,869,605,169,95,427,151,276,50611,5437,8604,6735,6159,5668,5968,4665,2785,4590,46272,37777,15082,4355,1154,50611,165,26,4266,611,741,3699,7972,2100,2238,1840,2831,747,2807,2387,3115,4086,8468,2512
E07000234,93637,89696,87640,904,75,1077,1396,631,82,446,237,1925,1078,221,39,309,278,444,110,267,67,176,53,123,46251,6502,9737,6057,5542,5209,4127,2853,2420,3804,45932,31306,11885,3484,1030,46251,307,15,4981,299,341,3801,6708,1370,2075,1733,1810,776,3383,2084,2479,5415,6507,2167
E07000235,74631,72841,71019,366,131,1325,639,192,78,235,134,902,268,43,30,336,225,151,95,41,15,98,11,87,34361,4733,7006,4021,3436,4802,3153,2287,1902,3021,34011,26171,10494,2939,1016,34361,977,31,3714,171,247,2736,5109,953,1676,1226,773,571,2806,1481,1887,3980,4316,1707
E07000236,84214,77497,73591,629,9,3268,1655,1053,75,317,210,4029,720,2580,192,209,328,862,160,558,144,171,54,117,42922,4183,5625,4935,4907,5366,4003,3704,4768,5431,39391,29354,10913,3522,1034,42922,178,6,8192,220,304,3109,8015,1972,1805,1410,1051,405,2039,2276,2072,3277,5085,1506
E07000237,98768,92294,88016,583,113,3582,1395,474,199,439,283,4366,806,1923,449,391,797,473,226,186,61,240,61,179,50101,4878,9078,6085,5463,5195,4591,4859,3968,5984,46851,34497,12625,3780,1015,50101,122,34,5929,421,371,3110,8762,2347,2819,1664,1023,919,2672,2190,3459,5394,6542,2323
E07000238,116944,114457,109834,539,462,3622,962,339,83,341,199,1129,463,84,94,188,300,228,91,118,19,168,43,125,58268,8077,9410,6963,6446,7526,5088,4289,4402,6067,54212,41641,15608,4339,1144,58268,1491,58,7300,347,457,4583,10199,2313,2896,1803,1630,920,3951,2852,3271,5237,6278,2682
E07000239,97975,95273,92822,459,375,1617,998,461,75,275,187,1390,299,133,512,168,278,214,85,105,24,100,14,86,46339,5320,6262,5154,4837,6486,4825,3893,4244,5318,42730,34481,14881,4548,1335,46339,337,26,7072,212,482,3653,8565,2217,2209,1131,955,815,2198,2055,2207,4155,5754,2296
E07000240,140664,124380,114145,2514,165,7556,3904,1019,397,1491,997,9011,2210,1149,2633,1149,1870,2388,1203,911,274,981,459,522,71378,10983,20382,11911,7465,5042,5054,4149,2262,4130,77531,44813,13802,3521,997,71378,198,84,3503,179,306,4421,10141,2450,2657,5390,5029,1169,9533,3137,3218,8669,7427,3867
E07000241,110535,92936,84557,1711,155,6513,2797,859,425,819,694,8704,3526,734,465,1914,2065,4989,3931,719,339,1109,566,543,52981,6009,9960,7182,6297,5224,4601,5336,2829,5543,56252,37488,12427,3431,937,52981,131,43,3552,145,459,3857,10935,2431,2454,2835,2233,750,4033,2824,2537,5173,5899,2690
E07000242,137687,131456,124266,1566,57,5567,2214,622,210,854,528,2681,999,213,282,516,671,984,590,300,94,352,134,218,72225,10639,14636,11160,8968,7589,5740,4345,3573,5575,72332,46399,14325,3678,953,72225,459,49,6161,153,413,6355,11268,3553,3058,3438,4288,1231,6970,3702,4121,7559,6241,3206
E07000243,83957,73598,69781,1002,67,2748,2265,964,292,573,436,4848,1626,489,536,635,1562,2836,1915,678,243,410,132,278,42738,3903,6827,5302,5049,5187,4184,4254,3179,4853,39514,29953,10652,2984,854,42738,45,12,3997,157,243,4031,8054,2250,2112,2122,1497,527,2439,2163,2348,3322,5370,2049
E07000244,239552,232565,227040,992,142,4391,2728,858,422,814,634,2991,949,171,241,771,859,925,477,308,140,343,66,277,107438,11661,15874,12348,12024,14913,11298,8639,8423,12258,104874,85907,35663,10256,2852,107438,2048,571,8997,1509,889,8660,16761,7641,6764,3714,3072,1407,5442,4599,6335,10103,13427,5499
E07000245,170756,161522,147381,1311,186,12644,3148,679,496,822,1151,3087,899,258,222,403,1305,2198,825,432,941,801,86,715,88023,9502,11521,12889,9105,11402,9435,6297,7506,10366,81282,60850,21316,5730,1578,88023,1678,42,10562,340,563,6752,13682,4064,4444,2111,1868,1101,4912,3967,6309,6630,10258,8740
E08000001,276786,226645,219794,1694,214,4943,4892,1576,678,1826,812,38749,21665,12026,614,1423,3021,4652,3451,608,593,1848,727,1121,123367,12018,18434,14147,14556,14129,11969,12973,10887,14254,125548,93765,39139,14465,3869,123367,198,66,13184,1027,1200,10397,23310,6334,5959,3193,4336,1738,6422,6065,6931,11581,16144,5282
E08000002,185060,165032,157897,2357,72,4706,3365,1307,444,1005,609,13407,1387,9002,311,1100,1607,1893,1116,593,184,1363,465,898,88036,9415,15320,11204,10825,8896,8552,8537,6723,8564,87128,61634,25430,8539,2329,88036,121,49,8021,393,658,6262,15322,4358,4035,3159,3836,1370,5436,4124,5288,9487,12325,3792
E08000003,503127,335109,298237,11843,509,24520,23161,8877,4397,4791,5096,85986,11417,42904,6437,13539,11689,43484,25718,9642,8124,15387,9503,5884,213705,15977,42788,26590,22286,16083,20847,24065,13372,31697,245334,159452,62651,27014,8676,213705,138,66,11132,838,938,9962,33550,11444,19694,8843,9028,3343,15942,14362,8452,24250,30461,11262
E08000004,224897,174326,169955,1484,62,2825,4057,1950,440,1131,536,43165,1555,22686,16310,726,1888,2797,1640,839,318,552,154,398,96300,8867,12481,10140,11303,12652,9957,8835,9326,12739,101526,74987,32778,12179,3427,96300,127,26,10913,427,748,8029,18287,5586,5659,2196,3145,1450,4332,4615,5077,9185,12638,3860
E08000005,211699,172874,166481,2131,186,4076,3569,1057,601,1348,563,31630,1105,22265,4342,948,2970,2770,2131,285,354,856,308,548,90753,8295,12413,9382,10711,10805,10074,8456,9076,11541,94233,70158,31303,12453,3552,90753,119,41,10334,301,765,7630,16713,5530,4413,2162,2830,1385,3881,4385,4898,8711,12990,3665
E08000006,233933,210862,197445,2882,193,10342,4616,1647,1058,929,982,9429,2553,1843,605,2547,1881,6541,5354,666,521,2485,1425,1060,106904,9470,16122,12980,13900,10474,10830,11478,7897,13753,107689,75685,32849,13741,3969,106904,107,55,8110,682,957,7735,19032,5544,7051,3645,4743,1719,6456,6643,5490,9334,14597,5004
E08000007,283275,260819,252044,3938,58,4779,5104,1734,775,1460,1135,13762,2786,6673,705,1722,1876,1958,976,745,237,1632,727,905,137130,15544,27091,18080,17082,13854,12830,13133,8141,11375,135500,94251,37601,12505,3418,137130,163,91,11700,918,681,10030,22003,7254,5910,5419,6758,2074,10588,6940,6791,14538,19039,6233
E08000008,219324,199429,194115,1613,38,3663,3159,1310,506,849,494,14553,3668,4910,4296,951,728,1784,1188,371,225,399,154,245,101892,9069,12129,11311,13599,13334,10164,10505,10325,11456,96404,73918,33009,12492,3501,101892,110,44,13449,830,863,8690,18057,5431,4629,2431,4164,1711,5074,4870,5932,8489,12669,4449
E08000009,226578,193834,182200,5098,40,6496,6031,2658,669,1535,1169,17973,6306,7027,457,2232,1951,6540,1807,3802,931,2200,1259,941,110912,12978,24907,15518,14288,9595,8814,9879,5754,9179,115496,71694,27549,9273,2566,110912,136,101,8163,657,677,7212,17093,5340,5098,5315,5791,1837,10177,6187,5333,11557,15137,5101
E08000010,317849,309193,303519,1459,151,4064,2756,1015,429,783,529,3519,1019,676,109,891,824,1678,1310,216,152,703,304,399,149908,13429,20108,16630,17337,19155,15395,13809,15513,18532,144283,103934,46797,18112,4723,149908,274,129,17662,841,1561,15106,26920,8344,6855,3566,4210,1850,6351,8018,9278,12716,19334,6893
E08000011,145893,141858,140135,747,6,970,1913,683,517,375,338,1403,467,81,10,446,399,505,297,127,81,214,98,116,61691,4469,7199,6199,8239,7056,7327,6884,6540,7778,67153,43505,21420,10631,3184,61691,93,57,5977,256,576,5490,10059,4079,2922,1334,2237,918,2203,3202,4134,5136,10085,2933
E08000012,466415,414671,395485,6729,185,12272,11756,3473,3164,2283,2836,19403,4915,1999,1075,7978,3436,12308,8490,1467,2351,8277,5629,2648,196630,15005,34400,22029,24977,17627,20742,20772,14601,26477,217977,142132,65422,31162,9722,196630,159,120,12330,581,1171,12708,30032,10918,14598,5447,7178,3219,9635,10013,13872,21362,32804,10483
E08000013,175308,171877,169346,887,69,1575,1179,445,167,271,296,1764,504,133,122,512,493,248,152,60,36,240,117,123,78580,6896,11526,8570,9323,9228,8586,7187,7162,10102,78620,55983,26198,11364,3143,78580,202,70,8324,454,1087,6532,13761,4655,3522,1933,1977,1151,3310,3886,4835,7214,12267,3400
E08000014,273790,266741,259629,2312,120,4680,2820,830,488,760,742,2719,666,127,308,965,653,796,464,223,109,714,327,387,121919,11967,19587,14187,17625,12867,13154,11775,8272,12485,124069,89115,40620,15549,4437,121919,488,132,7924,391,853,9076,20109,6255,6297,3070,5485,1773,6217,5256,11196,12486,18882,6029
E08000015,319783,310156,303682,2667,77,3730,3286,964,558,949,815,5116,1344,226,851,1653,1042,695,389,189,117,530,208,322,139929,13034,24738,16816,18013,15208,15277,11971,10685,14187,148028,102085,45687,18448,5535,139929,204,187,14043,642,1151,9701,20296,6228,6780,3411,4948,2312,8798,6289,10779,14484,22874,6802
E08000016,231221,226285,222164,567,163,3391,1630,644,178,434,374,1661,442,211,60,440,508,1221,995,149,77,424,168,256,103579,9372,12836,10260,10450,14242,10781,10870,11291,13477,96194,77649,37956,15278,4144,103579,530,447,13003,556,1047,11094,18143,5220,4664,2179,2352,1174,3852,5480,5948,9397,14209,4284
E08000017,302402,288066,277740,1183,587,8556,3321,1413,440,877,591,7614,1865,2728,117,1121,1783,2337,1309,778,250,1064,231,833,133815,12078,15111,13199,13530,17283,13875,13922,14079,20738,131738,102983,45748,16982,4951,133815,712,762,14254,977,1282,13018,26026,9277,6686,2874,3253,1099,4422,6512,7818,11407,17837,5599
E08000018,257280,240758,236438,776,126,3418,2551,787,301,865,598,10551,961,7609,109,592,1280,2112,1672,283,157,1308,581,727,114871,10285,14407,11387,12652,15018,11983,12670,12205,14264,111232,87237,39278,15114,4419,114871,365,422,15383,715,1212,10978,20101,6194,5212,2682,3485,1009,4264,5883,6317,10818,15291,4540
E08000019,552698,462544,446837,2891,358,12458,13289,5450,1296,3490,3053,44385,5868,21990,3326,7398,5803,20082,11543,5506,3033,12398,8432,3966,244318,20481,47803,27794,27279,26275,23217,23925,18199,29345,258250,184343,75733,26703,7669,244318,420,175,22721,688,1684,18544,37244,10214,14624,7927,8706,3476,13167,9932,13309,29847,39820,11820
E08000021,280177,239533,229520,1826,163,8024,4279,830,859,1609,981,27107,5072,6364,4692,6037,4942,5160,4664,217,279,4098,2602,1496,119335,9556,24317,12916,13505,11237,10739,13609,7466,15990,133933,89096,38018,14793,4337,119335,153,231,7315,691,537,7613,17779,5520,10314,4470,3817,1704,7307,5732,8517,12662,18794,6179
E08000022,200801,194025,190936,596,29,2464,1815,448,385,602,380,3815,1095,319,686,869,846,734,576,91,67,412,177,235,96026,8205,16953,11624,13912,10077,8662,10312,6613,9668,90031,66955,30156,10638,3021,96026,127,393,7883,671,553,7054,13861,4270,4992,3917,3196,1267,4986,4125,10539,9789,14087,4316
E08000023,148127,142099,140821,305,9,964,1325,324,229,440,332,3311,643,434,1534,235,465,420,316,61,43,972,566,406,64622,5031,8545,7097,8480,8174,6738,6862,6120,7575,63345,48861,23700,9394,2827,64622,65,516,7406,520,438,5328,9634,3613,3385,1620,1763,882,2542,3009,5705,5738,9616,2842
E08000024,275506,264282,261209,608,70,2395,1778,539,239,608,392,7336,1736,669,2075,1536,1320,1273,1062,111,100,837,292,545,121511,9278,14842,12076,15464,14679,12137,14959,11969,16107,117365,90557,43951,18155,5478,121511,132,441,14065,2138,983,9345,19613,6325,6813,2825,4684,2028,3841,6028,9471,10845,16641,5293
E08000025,1073045,621636,570217,22021,408,28990,47605,24720,3223,11186,8476,285640,64621,144627,32532,12712,31148,96360,29991,47641,18728,21804,10910,10894,423691,35160,77424,46762,49752,41640,42626,38152,36206,55969,488568,363904,148782,54105,17686,423691,419,81,39056,1962,2709,25686,66500,23981,26715,12873,16916,6275,23868,22365,20528,51328,62912,19517
E08000026,316960,234029,211188,7305,151,15385,8230,3672,943,2388,1227,51598,27751,9510,2951,3728,7658,17764,12836,3317,1611,5339,2020,3319,137560,10323,22093,14801,16137,14037,13502,13239,11964,21464,145948,109815,42006,14765,4426,137560,259,69,15880,1045,1114,7444,24019,8959,7793,4486,5181,1734,6226,7161,6330,16370,17195,6295
E08000027,312925,281607,277050,1170,352,3035,5758,3477,250,1277,754,18942,5737,10339,397,876,1593,4671,1402,2658,611,1947,1259,688,141998,13478,19883,15304,18440,19393,13555,13294,13375,15276,132825,111905,47828,15918,4449,141998,137,63,19978,1563,1260,12996,25433,6283,5930,3387,4348,1716,6354,6094,8696,14033,17966,5761
E08000028,308063,215471,202822,2045,141,10463,10199,6163,515,2043,1478,59258,31400,13952,6588,839,6479,18357,4396,11382,2579,4778,901,3877,128630,9515,14312,12186,15511,16116,13053,12618,15989,19330,129182,107081,48087,18171,5542,128630,132,30,18741,1201,1414,9761,23348,8499,6475,2417,4009,1803,4564,6795,6076,11140,16806,5419
E08000029,206674,184244,177248,3935,70,2991,4404,2395,247,1156,606,13561,7098,3413,633,906,1511,3239,852,1930,457,1226,358,868,97941,12312,19446,12723,13260,9681,8093,7649,5895,8882,98197,70683,27056,8241,2497,97941,200,32,9837,1435,795,7621,15257,4435,4749,4261,4997,1520,6969,5230,4764,10211,11448,4180
E08000030,269323,212469,207238,1181,287,3763,7224,4312,321,1754,837,41022,16502,14289,5194,993,4044,6369,1999,3197,1173,2239,222,2017,112270,10174,14172,11072,13100,15368,11095,10480,12165,14644,113525,94650,41653,14968,4527,112270,126,61,16284,554,1275,9783,21624,6714,5228,1941,3457,1633,3997,5060,5292,10827,13980,4434
E08000031,249470,169682,160945,1526,209,7002,12784,8495,554,2160,1575,44960,32162,4415,432,1376,6575,17309,4081,9507,3721,4735,359,4376,104284,8560,14253,10304,11795,12332,10704,9577,11410,15349,104263,88168,39096,13796,4147,104284,193,39,14013,609,1020,7586,18153,6322,5367,2239,3483,1509,3673,4932,5674,10168,14942,4362
E08000032,522452,352317,333628,2541,433,15715,12979,4663,875,5677,1764,140149,13555,106614,9863,2086,8031,9267,4993,3581,693,7740,3714,4026,218937,20571,32021,23720,25835,25708,22306,19561,21370,27845,234133,186031,71580,23768,6940,218937,621,123,24761,764,1798,14553,38656,11917,12328,5619,11161,2934,10412,11010,11033,24284,28243,8720
E08000033,203826,182787,176732,1795,80,4180,2797,1097,247,907,546,16875,1130,13904,574,459,808,899,479,320,100,468,111,357,96645,10327,16340,12120,11282,11737,9455,7151,8552,9681,94449,70007,28091,8929,2350,96645,335,102,12897,268,849,7597,14100,3784,4263,2588,7678,1266,4766,3889,5137,10492,12615,4019
E08000034,422458,334270,323890,2635,158,7587,9790,5167,641,2714,1268,67782,20797,41802,731,1452,3000,7905,2364,4626,915,2711,1214,1497,192397,20521,29941,22423,20707,23698,17826,16711,18843,21727,192366,147731,58042,19030,5289,192397,676,187,28916,734,1593,14814,33594,9426,9242,4653,7205,2160,9828,7934,9884,20326,23558,7667
E08000035,751485,639487,609714,7031,687,22055,19632,8813,2493,4906,3420,58243,16130,22492,4432,5933,9256,25893,14894,6728,4271,8230,3791,4439,355225,33735,65784,46626,42777,36027,32353,33516,23312,41095,361295,254023,95515,31504,9148,355225,740,246,29611,2867,2286,25313,56612,15389,21623,12815,20741,4605,24366,18683,17527,37153,47811,16837
E08000036,325837,310957,302331,908,302,7416,2928,1087,368,894,579,8498,1540,4896,32,853,1177,2512,1955,326,231,942,382,560,151828,13859,18471,16178,16765,18414,14824,13378,16322,23617,139288,110920,50595,19507,5527,151828,540,690,17348,1462,1301,13083,30557,9138,7234,3147,5190,2072,5939,7297,9214,12584,19139,5893
E08000037,200214,192742,188355,592,87,3708,1558,412,260,523,363,3738,916,617,242,1054,909,1081,903,90,88,1095,289,806,91877,7720,13979,10437,11925,10484,8667,10206,7586,10873,85320,67807,31158,12152,3777,91877,153,160,9547,773,555,7204,15415,4735,4993,2926,2759,1305,4319,4355,7352,8338,12984,4004
E09000001,7375,5799,4243,180,3,1373,289,38,37,111,103,940,216,16,232,263,213,193,98,46,49,154,69,85,4747,845,1894,1097,335,114,128,109,52,173,4112,2374,643,190,56,4747,2,9,69,5,6,78,228,78,214,379,1067,65,1265,176,196,326,248,336
E09000002,185911,108386,91949,1730,182,14525,7878,2669,2128,1246,1835,29594,7436,8007,7701,1315,5135,37140,28685,5227,3228,2913,973,1940,75217,5094,10024,6891,9864,9137,8431,7213,7138,11425,87819,62720,24042,8686,2644,75217,44,33,3419,175,682,7844,11465,6292,4272,2387,3643,1185,3344,5647,3979,6678,10582,3546
E09000003,356386,228553,162117,8685,151,57600,17169,3097,3112,5882,5078,65918,27920,5344,2215,8259,22180,27431,19392,4468,3571,17315,5210,12105,170658,23035,42157,25491,19743,14030,14116,11647,6962,13477,183453,117508,39172,12197,4056,170658,72,146,4908,364,513,12047,24830,6584,9751,10438,10262,4774,19438,8707,6618,19418,19776,12012
E09000004,231997,189962,179250,2596,624,7492,5395,1676,983,1369,1367,15243,7047,730,777,2514,4175,19624,15952,2381,1291,1773,303,1470,110159,10269,16225,13957,19352,13475,9844,9176,7712,10149,111323,80446,29015,8688,2525,110159,81,77,5080,655,797,11877,15997,6898,4208,4470,8376,2012,7829,5456,8480,10596,11909,5361
E09000005,311215,112880,55887,12320,320,44353,15775,4291,2820,3642,5022,105986,58017,14381,1749,3250,28589,58632,24391,23723,10518,17942,11430,6512,147461,14130,26814,18590,16144,15599,12019,14074,10162,19929,149695,108169,36731,12339,4281,147461,66,111,6724,285,452,13062,25104,8346,11648,9262,6426,2664,12321,9785,5241,11987,15118,8859
E09000006,309392,260870,239478,4463,580,16349,10897,3897,1335,3016,2649,16067,6215,1014,1265,2768,4805,18686,9819,6609,2258,2872,870,2002,151368,19784,32394,24488,23079,13956,11546,10194,6297,9630,154998,105574,36098,9904,2818,151368,160,170,5147,490,536,12577,18913,6075,5444,8729,15449,3058,15179,7586,10344,15743,16888,8880
E09000007,220338,146055,96937,7053,167,41898,12322,2494,1800,3880,4148,35446,6083,1489,12503,6493,8878,18060,10802,3496,3762,8455,3432,5023,108966,15366,34721,23711,9192,4665,6117,5923,2390,6881,117692,67334,22963,9174,3175,108966,62,190,1959,228,162,3143,10524,2843,6644,10690,10862,2232,19806,4426,3739,10941,11069,9446
E09000008,363378,200195,171740,5369,234,22852,23895,9650,3279,5140,5826,59627,24660,10865,2570,3925,17607,73256,28981,31320,12955,6405,1701,4704,172987,17832,33894,23715,25436,16524,16350,15062,9045,15129,174584,128634,43473,12734,3953,172987,76,160,5491,442,701,13275,25177,9768,8275,9257,12402,3191,13384,9786,13611,16850,22278,8863
E09000009,338449,165818,103035,10428,300,52055,15066,3939,1989,4653,4485,100439,48240,14711,1786,4132,31570,36860,17299,13192,6369,20266,9804,10462,164820,17905,34624,23416,17687,16331,12293,13026,10132,19406,166385,116712,38421,12817,4114,164820,70,276,7753,357,667,13053,23686,12046,11110,13812,6724,2921,14572,11178,6238,14891,16071,9395
E09000010,312466,190640,126450,6899,344,56947,17183,4852,2384,4189,5758,34893,11648,2594,5599,2588,12464,53687,28222,17334,8131,16063,1930,14133,137622,14836,26102,17202,17936,14348,13093,11575,8296,14234,146351,109394,39699,12840,4182,137622,128,65,5338,380,636,10559,22131,7388,8310,6392,7225,3302,10207,7651,7592,15343,16931,8044
E09000011,254557,159002,133130,4291,430,21151,12274,4011,2699,2361,3203,29894,7836,2594,1645,5061,12758,48655,35164,8051,5440,4732,1069,3663,117821,11295,24081,16684,13759,10589,11396,9324,6508,14185,127641,83875,29386,10420,3235,117821,110,104,3518,371,575,8771,14359,5839,7942,5924,9028,2151,9599,8116,7712,12018,14104,7580
E09000012,246270,134617,89030,5216,474,39897,15869,4989,2866,3020,4994,25867,7599,1905,6180,3436,6747,56858,27976,19168,9714,13059,1721,11338,118556,11427,29638,25881,10939,7544,8860,8167,3983,12117,128442,75699,26837,11183,4109,118556,53,68,3014,151,288,4458,13654,3828,7983,11247,5790,2459,17752,6893,4768,13475,12444,10231
E09000013,182493,124222,81989,6321,217,35695,10044,2769,1495,2649,3131,16635,3451,1612,1056,3140,7376,21505,10552,7111,3842,10087,5228,4859,99618,14537,26933,22021,9597,5423,6501,5430,2517,6659,103036,53374,17188,6531,2364,99618,80,252,2338,244,191,3991,10590,3207,6813,9586,9840,2901,16072,5403,3025,8188,9346,7551
E09000014,254926,154343,88424,6997,370,58552,16548,4856,2609,3738,5345,24150,5945,1920,4417,3744,8124,47830,23037,18087,6706,12055,2229,9826,124296,12571,29694,21564,11841,10908,9561,8543,4868,14746,126485,85567,28444,10650,3780,124296,53,65,3084,177,327,7783,14608,4551,10585,10208,5185,2445,14132,7807,5273,14246,13600,10167
E09000015,239056,100991,73826,7336,181,19648,9499,2344,1053,3417,2685,101808,63051,7797,1378,2629,26953,19708,8526,6812,4370,7050,3708,3342,113900,13368,26446,14492,15464,10061,8358,10248,5862,9601,113731,86069,28329,8289,2638,113900,35,123,4923,307,395,9356,19927,6279,4967,7212,7137,2033,11262,5807,5322,10882,12431,5502
E09000016,237232,207949,197615,2989,160,7185,4933,1970,712,1154,1097,11545,5017,1492,975,1459,2602,11481,7581,2885,1015,1324,311,1013,112846,11019,15960,14716,19862,14734,9509,9282,8353,9411,109131,84378,31492,9464,2767,112846,97,63,6095,437,842,12972,16473,7536,3777,3924,11209,1686,7428,5326,7086,10462,12080,5353
E09000017,273936,166031,142916,5949,344,16822,10479,2719,1409,3602,2749,69253,36795,9200,2639,2889,17730,20082,11275,4615,4192,8091,2925,5166,130290,13353,22237,16961,17313,13565,11542,11242,9716,14361,133627,96647,31492,9404,2766,130290,109,150,6978,445,720,10567,20635,14171,7540,7311,4864,1708,8266,7739,7256,12350,13392,6089
E09000018,253957,130505,96264,4775,183,29283,10349,2273,1730,3390,2956,87257,48161,13676,2189,2405,20826,16813,10787,3381,2645,9033,3638,5395,127032,13071,23472,17382,14694,11217,10631,11266,8691,16608,124442,89064,28552,9085,2814,127032,70,280,5020,330,491,7396,18866,14758,10612,10537,5403,1928,9360,9027,5457,9356,11219,6922
E09000019,206125,140515,98322,8140,163,33890,13339,4236,1912,2964,4227,19034,3534,951,4662,4457,5430,26294,12622,7943,5729,6943,1893,5050,106765,12270,33384,23561,9682,5426,6140,6065,2892,7345,106386,63382,23113,9771,3473,106765,45,119,2175,206,259,3768,10146,3163,5996,10793,9644,1893,20470,4744,4499,10356,10319,8170
E09000020,158649,112017,62271,3715,119,45912,8986,1695,1148,3021,3122,15861,2577,911,836,3968,7569,10333,5536,3257,1540,11452,6455,4997,81387,18949,19025,20284,6300,2892,4919,3472,1476,4070,91764,45189,14464,5357,1875,81387,123,291,1878,196,122,2393,7804,2037,4097,6076,17494,2762,13599,3469,1865,4894,5476,6811
E09000021,160060,119219,101015,2718,95,15391,6269,1238,700,2500,1831,26152,6325,3009,892,2883,13043,4021,2616,1027,378,4399,2439,1960,81957,10882,20651,13336,9397,6278,6185,6569,2737,5922,84332,53598,16425,4438,1267,81957,63,195,3026,301,264,4844,11922,3319,3966,6464,5076,1308,8805,4355,4608,9114,9004,5323
E09000022,303086,173025,118250,7456,195,47124,23160,8302,4301,3574,6983,20938,4983,3072,2221,4573,6089,78542,35187,28886,14469,7421,1728,5693,166494,18152,42838,33620,16818,10691,12381,10128,5009,16857,160326,97286,31188,10729,3557,166494,66,214,3213,348,343,7299,16900,5660,12610,14489,11770,3326,23314,12403,9214,14825,17746,12754
E09000023,275885,147686,114446,5206,208,27826,20472,8539,3559,3045,5329,25534,4600,1596,1388,6164,11786,74942,32025,30854,12063,7251,1456,5795,136057,13137,30809,22475,16031,11032,12823,10372,5550,13828,135428,93850,32289,10755,3563,136057,42,100,2906,328,440,7484,15527,5618,9818,8883,8564,2562,12784,8259,8599,15733,17374,11036
E09000024,199693,129606,96658,4417,216,28315,9334,2579,1279,2829,2647,36143,8106,7337,2216,2618,15866,20811,10442,8126,2243,3799,1413,2386,104822,12572,25598,15995,12300,9416,8113,7563,4594,8671,103891,67098,21025,5930,1749,104822,33,244,3212,292,348,7578,13717,4583,5575,7208,7909,1906,11764,6540,5351,9696,12278,6588
E09000025,307984,89216,51516,2172,462,35066,13945,3957,3319,2677,3992,133895,42484,30307,37262,3930,19912,60256,37811,15050,7395,10672,3523,7149,132454,9595,19666,13139,13537,13799,12151,16914,9055,24598,149269,106549,34839,12763,4564,132454,94,34,3961,260,601,11223,22662,7987,15665,5525,6776,2215,7109,11612,5509,11320,13685,6216
E09000026,278970,118646,96253,3900,140,18353,11456,3204,1692,3251,3309,116503,45660,31051,16011,3000,20781,24845,12357,9064,3424,7520,1551,5969,124692,13875,28543,16575,17382,10287,9200,10810,7458,10562,134230,97595,33470,10479,3196,124692,56,80,4340,242,326,9184,18770,7279,5969,7078,10527,2694,10387,6377,7405,14081,14277,5620
E09000027,186990,160725,133582,4766,95,22282,6780,1250,731,2857,1942,13607,5202,1163,867,1753,4622,2816,1643,840,333,3062,1172,1890,99204,17333,29443,20379,9473,5249,6133,4501,2225,4468,107217,57088,16662,4617,1406,99204,52,563,3528,423,236,4283,10320,4036,3953,11256,7260,2154,15264,4743,4556,11113,8394,7070
E09000028,288283,156349,114534,6222,263,35330,17778,5677,3687,3003,5411,27192,5819,1623,3912,8074,7764,77511,47413,17974,12124,9453,2440,7013,147388,15565,38033,25652,14538,9629,12185,9666,5043,17077,154204,90004,29935,10544,3596,147388,75,164,2771,262,370,5988,14602,5561,12005,10646,12717,2293,18863,10712,7481,13692,18357,10829
E09000029,190146,149449,134854,3219,193,11183,7134,2298,838,2286,1712,22035,6454,2595,1183,2240,9563,9120,5471,2742,907,2408,976,1432,97658,10518,18731,13612,14327,11201,8987,7407,5417,7458,92668,67563,22127,6072,1716,97658,87,134,3539,334,503,9572,14020,5214,3586,5231,5825,1608,7574,5368,7080,9314,13318,5351
E09000030,254096,114819,79231,3863,175,31550,10360,2837,1509,2961,3053,104501,6787,2442,81377,8109,5786,18629,9495,5341,3793,5787,2573,3214,120873,13279,31026,24655,11926,7246,7199,9518,4488,11536,128468,83209,27062,11228,4129,120873,35,112,2711,203,267,3731,12937,4468,11826,9784,18096,2044,16285,5882,4529,10961,9809,7193
E09000031,258249,134799,92999,3959,369,37472,13766,4568,2403,2602,4193,54389,9134,26347,4632,2579,11697,44791,18815,18841,7135,10504,3776,6728,121021,10590,21634,15236,14957,13762,10438,10300,7995,16109,121652,91954,31133,10053,3457,121021,70,51,4216,244,622,11547,16551,6647,9290,5861,5728,2290,8280,8185,6632,13508,13666,7633
E09000032,306995,219216,163739,7664,163,47650,15241,4642,2034,3887,4678,33338,8642,9718,1493,3715,9770,32756,14818,12297,5641,6444,2350,4094,178582,25675,51734,39143,17899,9291,10838,9133,4317,10552,176198,91935,27299,8749,2814,178582,77,497,4131,533,319,7443,18182,5402,9854,16301,19244,4428,30051,10225,7782,14792,17344,11977
E09000033,219396,135330,77334,4960,76,52960,11395,1869,1927,3584,4015,31862,7213,2328,6299,5917,10105,16472,9141,4449,2882,24337,15724,8613,111179,22143,29593,25137,9684,4255,6036,5303,2183,6845,118808,65807,22027,9263,3491,111179,77,466,2440,343,206,3210,10977,2875,7269,8995,18921,3322,18640,4801,4498,7007,8053,9079
W06000001,69751,68520,67349,476,65,630,480,180,41,180,79,491,135,33,53,153,117,81,50,25,6,179,134,45,30431,2968,4656,3090,3012,5092,3542,2388,2294,3389,33492,21309,10541,3413,996,30431,932,62,2335,896,278,2687,4380,1597,2086,467,336,333,1091,978,2754,3401,4553,1265
W06000002,121874,117573,115072,570,153,1778,964,287,126,332,219,2170,461,220,176,905,408,289,195,70,24,878,700,178,53961,5549,8572,5060,4827,9016,6301,4219,3724,6693,61396,37383,16593,4998,1504,53961,1868,250,3150,581,584,5185,7812,1833,5300,1063,612,623,1977,1882,3465,6818,7922,3036
W06000003,115228,112549,109911,840,65,1733,894,294,124,275,201,1252,317,101,134,376,324,199,114,54,31,334,200,134,50093,5822,7811,5255,4847,7239,6107,4456,3048,5508,52335,36977,17874,6237,1805,50093,1041,132,2453,297,380,4105,8505,1849,4945,949,928,729,2315,1866,3560,5132,8368,2539
W06000004,93734,91254,89581,533,34,1106,751,251,80,269,151,1430,240,157,111,346,576,161,104,35,22,138,39,99,41156,4081,6640,4139,4002,6008,5455,3091,3030,4710,43690,29420,13770,5341,1513,41156,962,69,3737,239,288,3482,5936,1592,2849,714,751,580,1694,1520,2733,4104,7850,2056
W06000005,152506,150161,146185,693,95,3188,851,267,121,258,205,1201,296,87,223,323,272,142,88,42,12,151,50,101,74049,6851,10100,8050,8045,10379,7094,6633,8237,8660,74216,49498,20114,6774,1904,74049,685,177,14013,496,775,5675,12053,3015,3849,1424,2949,669,3368,3258,4235,6374,8206,2828
W06000006,134844,130647,125477,492,104,4574,1010,264,180,326,240,2321,857,181,206,426,651,625,526,57,42,241,96,145,63614,5339,9079,6279,6674,8472,6711,5408,7723,7929,63642,43813,19009,6531,1849,63614,829,67,11643,543,586,4379,9647,2725,3108,1163,1779,543,2475,2802,3843,5637,9264,2581
W06000008,75922,73443,70717,478,74,2174,736,198,75,251,212,1099,367,81,91,322,238,266,164,86,16,378,197,181,32446,3119,5431,3021,3189,6287,3255,2407,1920,3817,35796,24369,10946,3660,1151,32446,2316,56,1695,135,229,2761,4795,996,2690,550,379,370,1440,968,1831,4998,4315,1922
W06000009,122439,120121,117092,834,454,1741,733,234,78,261,160,1192,341,69,103,205,474,179,94,44,41,214,61,153,54217,5616,7080,5468,4811,10202,6322,4394,4073,6251,55535,39889,18684,6383,1948,54217,2535,248,4116,406,389,5805,8513,2194,4702,666,685,634,2235,1959,4010,5037,7289,2794
W06000010,183777,180323,175591,754,335,3643,1033,326,118,364,225,1837,563,159,117,298,700,279,115,115,49,305,132,173,80680,7355,12203,7841,8446,13189,8965,7026,6552,9103,82638,55618,30011,11475,4035,80680,3338,218,7021,373,691,7223,13411,3096,4304,1357,1567,888,2915,2646,7311,8447,12524,3350
W06000011,239023,224697,218655,1101,85,4856,2160,548,280,781,551,7803,1477,591,1944,2052,1739,1983,1707,172,104,2380,1694,686,102793,8893,17694,11020,13457,11472,10013,11257,6690,12297,116295,69978,33402,14473,4875,102793,401,142,7389,404,785,7360,17486,4158,6873,3045,3539,1370,4269,4142,9736,11338,15621,4735
W06000012,139812,137087,135450,474,125,1038,910,384,75,262,189,1369,280,125,311,280,373,299,97,175,27,147,53,94,58980,4570,7618,5875,7573,7880,6670,5328,5902,7564,62849,39694,22640,11028,3601,58980,207,420,8534,332,589,5088,8652,2435,2783,1074,1825,706,1872,2378,5768,5098,8672,2547
W06000013,139178,136090,133656,474,63,1897,998,338,120,264,276,1549,337,122,114,356,620,315,152,121,42,226,75,151,61259,5586,9175,6953,6524,7724,6520,5893,5464,7420,64134,41659,21002,9459,2924,61259,250,158,8176,386,698,5138,9833,2359,3382,1317,1924,629,2155,2463,5463,5466,8900,2562
W06000014,126336,121838,119212,639,21,1966,1695,629,247,431,388,1967,566,216,121,454,610,489,165,252,72,347,174,173,58978,6581,10800,8288,7174,6463,6035,5194,3208,5235,60656,40486,17123,6191,1880,58978,402,80,4145,676,296,4424,8630,2811,3058,1575,2528,829,3477,2487,5747,6442,8567,2804
W06000015,346090,293114,277798,2547,521,12248,10031,3641,1742,2459,2189,27885,7886,6354,4838,4168,4639,8201,5213,1322,1666,6859,4707,2152,159614,14400,35984,21457,19005,12946,13495,17334,7767,17226,174329,107477,42014,16745,5525,159614,132,75,8651,1997,1122,9274,23982,5419,11512,6470,8471,2301,10270,6766,12508,18969,22816,8879
W06000016,234410,228241,225716,582,53,1890,1506,550,192,420,344,3030,656,267,106,1065,936,1308,1140,99,69,325,160,165,99327,7756,13826,10216,11314,12922,11742,8940,9766,12845,105154,69544,37208,17396,5108,99327,223,335,12477,856,1096,10317,14910,3877,4968,1750,2957,1114,3313,4058,7613,10040,15261,4162
W06000018,178806,175845,173899,402,31,1513,1174,454,147,296,277,1346,327,123,32,495,369,242,121,112,9,199,67,132,77488,6258,9830,8366,9934,9890,7909,7123,8357,9821,79382,54272,28488,12844,3820,77488,199,140,12546,659,1028,6636,11699,3024,3399,1476,2716,837,2928,3474,7086,7073,9629,2939
W06000019,69814,68750,67954,102,72,622,394,163,36,106,89,485,202,39,26,122,96,95,56,33,6,90,12,78,28291,1942,3086,2390,2676,3718,3720,2467,3873,4419,29269,21385,11696,5692,1772,28291,84,76,5675,165,421,2243,4290,1090,1301,294,470,325,567,1106,1992,2231,4904,1057
W06000020,91075,89231,88209,307,155,560,603,237,103,138,125,977,172,64,80,208,453,169,47,88,34,95,14,81,40261,3178,5128,4293,4921,5378,4493,3781,4113,4976,39398,29619,14155,5965,1938,40261,115,30,5840,299,355,3536,6388,1631,1842,743,1203,855,1271,1617,3923,3571,5446,1596
W06000021,91323,89526,87762,395,6,1363,624,174,51,232,167,900,245,54,40,193,368,144,80,45,19,129,69,60,42817,5464,8697,4985,4199,5545,3706,2946,2491,4784,42365,30742,12800,4173,1243,42817,1216,40,4041,241,343,3249,6916,1512,2410,1356,1359,664,2695,1615,3138,4409,5636,1977
W06000022,145736,131025,126756,769,84,3416,2752,1318,360,669,405,7986,1218,3127,1749,600,1292,2535,1499,782,254,1438,926,512,64408,5992,9812,7071,8052,6724,6204,6461,5270,8822,66667,47811,20538,8161,2559,64408,207,42,6865,502,583,4470,11157,2924,4237,1852,3218,984,2749,2905,4980,5325,9006,2402
W06000023,132976,130827,127773,502,128,2424,760,208,82,294,176,1142,145,9,67,171,750,132,42,70,20,115,23,92,63653,6697,8979,5658,5984,13499,6450,4118,4928,7340,59511,45459,19857,6375,1774,63653,5517,265,5814,271,575,5942,9593,2203,4088,1132,911,753,2825,2300,4305,5871,8266,3022
W06000024,58802,57391,55635,122,62,1572,462,154,46,151,111,696,168,50,45,120,313,143,118,10,15,110,32,78,25099,1785,3183,2471,2741,3232,2758,2528,2563,3838,25948,16961,9324,4908,1661,25099,38,94,3435,149,311,2314,3966,882,1221,567,523,304,715,1176,2163,2083,4211,947
