,PC1_Weight,PC2_Weight,PC3_Weight,PC4_Weight
white_british,-0.1635552561202761,-0.1459488780501763,-0.2007620575366022,-0.09741904432641858
white_irish,0.13403787067148887,0.19334231188893464,0.02317723295332147,-0.0414052433716943
white_gypsy_traveller,0.007111830987897583,-0.018605430936532608,-0.07697184822110548,0.2612776772320739
white_other,0.17170812854381212,0.12988809290404768,0.0787921894587762,-0.03580922556793675
asian_bangladeshi,0.05965605320557808,0.0594982846519127,0.10899708937350744,-0.05807469617704514
asian_chinese,0.13816907328216607,0.15288339871650147,0.04504719598970605,-0.20600772464038852
asian_indian,0.08240892683633852,0.07889757786771505,0.16440948760505777,0.2804616794227391
asian_pakistani,0.04523410865073242,0.02705646082751764,0.19262223267668627,0.18209939154279198
asian_other,0.12546695325921062,0.14349097698618524,0.13995799527045258,0.14883077416291413
black_african,0.13187434825685987,0.1297303691085585,0.20873733635178682,0.059223420508352304
black_caribbean,0.11151463359955784,0.14563986451247668,0.1956286466281143,0.06817618522947069
black_other,0.12019982122628016,0.14879156406298777,0.20317918100779925,0.043406921665633987
mixed_white_asian,0.19558457248992533,0.12832015161042246,0.01763283102143795,0.013437042472127778
mixed_white_black_african,0.17279186992817117,0.12034073819646823,0.1614627238336547,-0.023611175624517453
mixed_white_black_caribbean,0.11857057279855122,0.11122094630540055,0.19261063488303154,0.112812817905973
mixed_other,0.19349183697851,0.1362827651508541,0.0964079762330824,-0.04934425789251443
other_arab,0.12046306067552186,0.11799178191758321,0.11253709888982204,-0.1607855936902233
other_remaining,0.17438425150587927,0.08467440735708862,0.1587472420776428,0.004032449584281828
very_good_health,0.15900038710241385,0.14066034935618027,-0.17544359478635993,-0.00963285703110538
good_health,-0.09292667249357978,-0.06887662873497644,0.006505548246218007,0.48517353884183373
fair_health,-0.156705873591327,-0.15333881170620445,0.16060351688322838,-0.12985085430671783
bad_health,-0.11651810233167334,-0.09999853689501333,0.24195658428339292,-0.34683258112600035
very_bad_health,-0.09033807942777142,-0.0725723206921332,0.26246280327544835,-0.3879052843649848
managers_directors_and_senior_officials,0.12659850478455603,0.009071886477032049,-0.2990078790392312,0.002296626080436841
professional_occupations,0.17741123373513842,0.10556991674033564,-0.14826395516254381,-0.1513595504436597
associate_prof_and_tech,0.14544517026589734,0.1330228954401104,-0.1899721049953915,-0.11479877332142478
admin_and_secretarial,-0.12576406373252605,0.10308247282033275,-0.02330054639346982,0.16438626234368342
skilled_trades_occupations,-0.16991677782424575,-0.12010946527054128,0.0017472655589999926,0.12485848284727889
caring_and_leisure,-0.11834821747275613,-0.14313058968045608,0.17648595634975656,-0.07851905196905587
sales_and_customer_service,-0.1269446305674057,-0.03447767327803983,0.2665338656569449,-0.025773188379978933
process_plant_and_machine_operatives,-0.11762119624295554,-0.1187335657875029,0.24121666509052136,0.11814537306314242
elementary_occupations,-0.09801085209850592,-0.054263332605346944,0.3157249487532716,0.10164040972458445
agriculture_forestry_and_fishing,-0.1202423061764018,0.03786812068524347,-0.06801418337371731,0.04492575657485871
mining_and_quarrying,-0.11462180235283102,0.07916416514604832,-0.012675845173844973,-0.16094399174577523
manufacturing,-0.18995161445036296,0.11433817099765392,0.016749152625297872,0.015012826769207838
utilities_energy,-0.1578402903934432,0.11592023683834958,0.004515084412048855,-0.02976530473130449
water_and_waste_management,-0.19144453874016618,0.13457705060854624,0.005198920310783172,0.0003729004021765279
construction,-0.18735840645717777,0.16746571035117958,-0.00963636987652302,0.040777613986669674
wholesale_and_retail,-0.18456550952740544,0.1777434332432898,0.009758169611113594,0.033174928755015425
transport_and_storage,-0.161659123372774,0.17728913106982755,0.03636310830658509,0.09443911781448783
accommodation_and_food,-0.15695910444044756,0.18382266603390157,0.02681112829747693,-0.043060008860287935
information_and_communication,-0.07545145727278686,0.2338372245489772,-0.06579155978235256,0.007820437063625379
financial_and_insurance,-0.07620909512326571,0.21350497911032343,-0.05090003793341634,-0.043740826259848924
real_estate_activities,-0.14133083145786068,0.21897330697281886,-0.027057120579855532,-0.032856380247470764
professional_and_scientific,-0.09054437156158587,0.23552857680528327,-0.07959621059252667,-0.049863705234041496
admin_and_support_services,-0.15633575669779884,0.21175674222734991,0.01577642885848145,0.045441327817838495
public_admin_and_defence,-0.176002733594818,0.16505455955707618,-0.018647117323704335,-0.028769298898273423
education,-0.1630536319474833,0.1978279808569937,-0.02537334729702674,-0.01437045119579777
health_and_social_work,-0.18334750467768504,0.1749689770676971,0.019382409697208256,-0.048048852255802875
other_services,-0.1487449733752252,0.21857236335106564,-0.02362368534343688,-0.03471517930344341
